-- seed_supabase.sql
-- Pure SQL seed script for Supabase
-- Can be run directly in the Supabase SQL Editor

-- 1. Wipe existing data
TRUNCATE auth_user,
         events_eventcategory,
         profiles_userprofile,
         vendors_vendorservice,
         events_eventseries,
         events_event,
         events_eventlifecycletransition,
         needs_eventneed,
         needs_needapplication,
         needs_needinvite,
         tickets_ticket,
         events_eventhighlight,
         events_eventmedia,
         events_eventreview,
         events_eventreviewmedia,
         events_eventvendorreview,
         vendors_vendorreview,
         events_eventinterest,
         events_eventview,
         requests_eventrequest,
         requests_requestupvote,
         requests_requestwishlist,
         events_eventseriesneedtemplate RESTART IDENTITY CASCADE;

-- 2. Insert Categories
INSERT INTO events_eventcategory (id, name, slug, icon) VALUES 
(1, 'Music', 'music', 'music'),
(2, 'Food & Drink', 'food-drink', 'utensils'),
(3, 'Nightlife', 'nightlife', 'moon'),
(4, 'Sports & Fitness', 'sports-fitness', 'dumbbell'),
(5, 'Arts & Culture', 'arts-culture', 'palette'),
(6, 'Tech & Innovation', 'tech-innovation', 'cpu'),
(7, 'Workshops & Classes', 'workshops-classes', 'book-open'),
(8, 'Outdoors & Adventure', 'outdoors-adventure', 'mountain'),
(9, 'Comedy', 'comedy', 'laugh'),
(10, 'Networking & Social', 'networking-social', 'users'),
(11, 'Festivals', 'festivals', 'party-popper'),
(12, 'Community', 'community', 'heart-handshake');

-- 3. Insert Users (auth_user)
INSERT INTO auth_user (id, password, is_superuser, username, first_name, last_name, email, is_staff, is_active, date_joined) VALUES
(1, 'pbkdf2_sha256$1000000$VKbLmOhxxG1Zdh9Bp5fHj8$OJLeailf/xcBuCdoaUw/ldIKCWJYCWMVMyK+NOGk4F0=', true, 'root', 'root', 'root', 'root@root.com', true, true, NOW()),
(2, 'pbkdf2_sha256$1000000$VKbLmOhxxG1Zdh9Bp5fHj8$OJLeailf/xcBuCdoaUw/ldIKCWJYCWMVMyK+NOGk4F0=', false, 'user2', 'Uma', 'Williams', 'user2@example.com', false, true, NOW()),
(3, 'pbkdf2_sha256$1000000$VKbLmOhxxG1Zdh9Bp5fHj8$OJLeailf/xcBuCdoaUw/ldIKCWJYCWMVMyK+NOGk4F0=', false, 'user3', 'Rupert', 'Davis', 'user3@example.com', false, true, NOW()),
(4, 'pbkdf2_sha256$1000000$VKbLmOhxxG1Zdh9Bp5fHj8$OJLeailf/xcBuCdoaUw/ldIKCWJYCWMVMyK+NOGk4F0=', false, 'user4', 'Mike', 'Smith', 'user4@example.com', false, true, NOW()),
(5, 'pbkdf2_sha256$1000000$VKbLmOhxxG1Zdh9Bp5fHj8$OJLeailf/xcBuCdoaUw/ldIKCWJYCWMVMyK+NOGk4F0=', false, 'user5', 'Karl', 'Smith', 'user5@example.com', false, true, NOW()),
(6, 'pbkdf2_sha256$1000000$VKbLmOhxxG1Zdh9Bp5fHj8$OJLeailf/xcBuCdoaUw/ldIKCWJYCWMVMyK+NOGk4F0=', false, 'user6', 'Zack', 'Miller', 'user6@example.com', false, true, NOW()),
(7, 'pbkdf2_sha256$1000000$VKbLmOhxxG1Zdh9Bp5fHj8$OJLeailf/xcBuCdoaUw/ldIKCWJYCWMVMyK+NOGk4F0=', false, 'user7', 'Sybil', 'Miller', 'user7@example.com', false, true, NOW()),
(8, 'pbkdf2_sha256$1000000$VKbLmOhxxG1Zdh9Bp5fHj8$OJLeailf/xcBuCdoaUw/ldIKCWJYCWMVMyK+NOGk4F0=', false, 'user8', 'Charlie', 'Smith', 'user8@example.com', false, true, NOW()),
(9, 'pbkdf2_sha256$1000000$VKbLmOhxxG1Zdh9Bp5fHj8$OJLeailf/xcBuCdoaUw/ldIKCWJYCWMVMyK+NOGk4F0=', false, 'user9', 'Wendy', 'Rodriguez', 'user9@example.com', false, true, NOW()),
(10, 'pbkdf2_sha256$1000000$VKbLmOhxxG1Zdh9Bp5fHj8$OJLeailf/xcBuCdoaUw/ldIKCWJYCWMVMyK+NOGk4F0=', false, 'user10', 'Ivan', 'Johnson', 'user10@example.com', false, true, NOW()),
(11, 'pbkdf2_sha256$1000000$VKbLmOhxxG1Zdh9Bp5fHj8$OJLeailf/xcBuCdoaUw/ldIKCWJYCWMVMyK+NOGk4F0=', false, 'user11', 'Eve', 'Rodriguez', 'user11@example.com', false, true, NOW()),
(12, 'pbkdf2_sha256$1000000$VKbLmOhxxG1Zdh9Bp5fHj8$OJLeailf/xcBuCdoaUw/ldIKCWJYCWMVMyK+NOGk4F0=', false, 'user12', 'Xavier', 'Brown', 'user12@example.com', false, true, NOW()),
(13, 'pbkdf2_sha256$1000000$VKbLmOhxxG1Zdh9Bp5fHj8$OJLeailf/xcBuCdoaUw/ldIKCWJYCWMVMyK+NOGk4F0=', false, 'user13', 'Quinn', 'Rodriguez', 'user13@example.com', false, true, NOW()),
(14, 'pbkdf2_sha256$1000000$VKbLmOhxxG1Zdh9Bp5fHj8$OJLeailf/xcBuCdoaUw/ldIKCWJYCWMVMyK+NOGk4F0=', false, 'user14', 'Peggy', 'Brown', 'user14@example.com', false, true, NOW()),
(15, 'pbkdf2_sha256$1000000$VKbLmOhxxG1Zdh9Bp5fHj8$OJLeailf/xcBuCdoaUw/ldIKCWJYCWMVMyK+NOGk4F0=', false, 'user15', 'Yvonne', 'Johnson', 'user15@example.com', false, true, NOW()),
(16, 'pbkdf2_sha256$1000000$VKbLmOhxxG1Zdh9Bp5fHj8$OJLeailf/xcBuCdoaUw/ldIKCWJYCWMVMyK+NOGk4F0=', false, 'user16', 'Zack', 'Davis', 'user16@example.com', false, true, NOW()),
(17, 'pbkdf2_sha256$1000000$VKbLmOhxxG1Zdh9Bp5fHj8$OJLeailf/xcBuCdoaUw/ldIKCWJYCWMVMyK+NOGk4F0=', false, 'user17', 'Xavier', 'Davis', 'user17@example.com', false, true, NOW()),
(18, 'pbkdf2_sha256$1000000$VKbLmOhxxG1Zdh9Bp5fHj8$OJLeailf/xcBuCdoaUw/ldIKCWJYCWMVMyK+NOGk4F0=', false, 'user18', 'Diana', 'Miller', 'user18@example.com', false, true, NOW()),
(19, 'pbkdf2_sha256$1000000$VKbLmOhxxG1Zdh9Bp5fHj8$OJLeailf/xcBuCdoaUw/ldIKCWJYCWMVMyK+NOGk4F0=', false, 'user19', 'Peggy', 'Smith', 'user19@example.com', false, true, NOW()),
(20, 'pbkdf2_sha256$1000000$VKbLmOhxxG1Zdh9Bp5fHj8$OJLeailf/xcBuCdoaUw/ldIKCWJYCWMVMyK+NOGk4F0=', false, 'user20', 'Judy', 'Miller', 'user20@example.com', false, true, NOW()),
(21, 'pbkdf2_sha256$1000000$VKbLmOhxxG1Zdh9Bp5fHj8$OJLeailf/xcBuCdoaUw/ldIKCWJYCWMVMyK+NOGk4F0=', false, 'user21', 'Heidi', 'Garcia', 'user21@example.com', false, true, NOW()),
(22, 'pbkdf2_sha256$1000000$VKbLmOhxxG1Zdh9Bp5fHj8$OJLeailf/xcBuCdoaUw/ldIKCWJYCWMVMyK+NOGk4F0=', false, 'user22', 'Zack', 'Jones', 'user22@example.com', false, true, NOW()),
(23, 'pbkdf2_sha256$1000000$VKbLmOhxxG1Zdh9Bp5fHj8$OJLeailf/xcBuCdoaUw/ldIKCWJYCWMVMyK+NOGk4F0=', false, 'user23', 'Xavier', 'Smith', 'user23@example.com', false, true, NOW()),
(24, 'pbkdf2_sha256$1000000$VKbLmOhxxG1Zdh9Bp5fHj8$OJLeailf/xcBuCdoaUw/ldIKCWJYCWMVMyK+NOGk4F0=', false, 'user24', 'Grace', 'Miller', 'user24@example.com', false, true, NOW()),
(25, 'pbkdf2_sha256$1000000$VKbLmOhxxG1Zdh9Bp5fHj8$OJLeailf/xcBuCdoaUw/ldIKCWJYCWMVMyK+NOGk4F0=', false, 'user25', 'Bob', 'Brown', 'user25@example.com', false, true, NOW()),
(26, 'pbkdf2_sha256$1000000$VKbLmOhxxG1Zdh9Bp5fHj8$OJLeailf/xcBuCdoaUw/ldIKCWJYCWMVMyK+NOGk4F0=', false, 'user26', 'Trent', 'Williams', 'user26@example.com', false, true, NOW());

-- 4. Insert Profiles
INSERT INTO profiles_userprofile (user_id, phone_number, bio, headline, showcase_bio, avatar, cover_photo, aadhar_number, aadhar_image, privacy_name, privacy_email, privacy_hosted_events, privacy_serviced_events, privacy_events_attending, privacy_events_attended, allow_private_messages, location_city, created_at, updated_at) VALUES
(1, '555-0001', 'Hi, I love events', 'Enthusiastic User', '', 'https://placehold.co/150x150/png', 'https://placehold.co/800x400/png', '', '', true, false, true, true, true, true, true, 'Toronto', NOW(), NOW()),
(2, '555-0002', 'Hi, I love events', 'Enthusiastic User', '', 'https://placehold.co/150x150/png', 'https://placehold.co/800x400/png', '', '', true, false, true, true, true, true, true, 'London', NOW(), NOW()),
(3, '555-0003', 'Hi, I love events', 'Enthusiastic User', '', 'https://placehold.co/150x150/png', 'https://placehold.co/800x400/png', '', '', true, false, true, true, true, true, true, 'Los Angeles', NOW(), NOW()),
(4, '555-0004', 'Hi, I love events', 'Enthusiastic User', '', 'https://placehold.co/150x150/png', 'https://placehold.co/800x400/png', '', '', true, false, true, true, true, true, true, 'London', NOW(), NOW()),
(5, '555-0005', 'Hi, I love events', 'Enthusiastic User', '', 'https://placehold.co/150x150/png', 'https://placehold.co/800x400/png', '', '', true, false, true, true, true, true, true, 'Chicago', NOW(), NOW()),
(6, '555-0006', 'Hi, I love events', 'Enthusiastic User', '', 'https://placehold.co/150x150/png', 'https://placehold.co/800x400/png', '', '', true, false, true, true, true, true, true, 'London', NOW(), NOW()),
(7, '555-0007', 'Hi, I love events', 'Enthusiastic User', '', 'https://placehold.co/150x150/png', 'https://placehold.co/800x400/png', '', '', true, false, true, true, true, true, true, 'Los Angeles', NOW(), NOW()),
(8, '555-0008', 'Hi, I love events', 'Enthusiastic User', '', 'https://placehold.co/150x150/png', 'https://placehold.co/800x400/png', '', '', true, false, true, true, true, true, true, 'Houston', NOW(), NOW()),
(9, '555-0009', 'Hi, I love events', 'Enthusiastic User', '', 'https://placehold.co/150x150/png', 'https://placehold.co/800x400/png', '', '', true, false, true, true, true, true, true, 'New York', NOW(), NOW()),
(10, '555-0010', 'Hi, I love events', 'Enthusiastic User', '', 'https://placehold.co/150x150/png', 'https://placehold.co/800x400/png', '', '', true, false, true, true, true, true, true, 'Los Angeles', NOW(), NOW()),
(11, '555-0011', 'Hi, I love events', 'Enthusiastic User', '', 'https://placehold.co/150x150/png', 'https://placehold.co/800x400/png', '', '', true, false, true, true, true, true, true, 'Los Angeles', NOW(), NOW()),
(12, '555-0012', 'Hi, I love events', 'Enthusiastic User', '', 'https://placehold.co/150x150/png', 'https://placehold.co/800x400/png', '', '', true, false, true, true, true, true, true, 'London', NOW(), NOW()),
(13, '555-0013', 'Hi, I love events', 'Enthusiastic User', '', 'https://placehold.co/150x150/png', 'https://placehold.co/800x400/png', '', '', true, false, true, true, true, true, true, 'Houston', NOW(), NOW()),
(14, '555-0014', 'Hi, I love events', 'Enthusiastic User', '', 'https://placehold.co/150x150/png', 'https://placehold.co/800x400/png', '', '', true, false, true, true, true, true, true, 'Houston', NOW(), NOW()),
(15, '555-0015', 'Hi, I love events', 'Enthusiastic User', '', 'https://placehold.co/150x150/png', 'https://placehold.co/800x400/png', '', '', true, false, true, true, true, true, true, 'London', NOW(), NOW()),
(16, '555-0016', 'Hi, I love events', 'Enthusiastic User', '', 'https://placehold.co/150x150/png', 'https://placehold.co/800x400/png', '', '', true, false, true, true, true, true, true, 'Houston', NOW(), NOW()),
(17, '555-0017', 'Hi, I love events', 'Enthusiastic User', '', 'https://placehold.co/150x150/png', 'https://placehold.co/800x400/png', '', '', true, false, true, true, true, true, true, 'London', NOW(), NOW()),
(18, '555-0018', 'Hi, I love events', 'Enthusiastic User', '', 'https://placehold.co/150x150/png', 'https://placehold.co/800x400/png', '', '', true, false, true, true, true, true, true, 'London', NOW(), NOW()),
(19, '555-0019', 'Hi, I love events', 'Enthusiastic User', '', 'https://placehold.co/150x150/png', 'https://placehold.co/800x400/png', '', '', true, false, true, true, true, true, true, 'Los Angeles', NOW(), NOW()),
(20, '555-0020', 'Hi, I love events', 'Enthusiastic User', '', 'https://placehold.co/150x150/png', 'https://placehold.co/800x400/png', '', '', true, false, true, true, true, true, true, 'Houston', NOW(), NOW()),
(21, '555-0021', 'Hi, I love events', 'Enthusiastic User', '', 'https://placehold.co/150x150/png', 'https://placehold.co/800x400/png', '', '', true, false, true, true, true, true, true, 'Miami', NOW(), NOW()),
(22, '555-0022', 'Hi, I love events', 'Enthusiastic User', '', 'https://placehold.co/150x150/png', 'https://placehold.co/800x400/png', '', '', true, false, true, true, true, true, true, 'Los Angeles', NOW(), NOW()),
(23, '555-0023', 'Hi, I love events', 'Enthusiastic User', '', 'https://placehold.co/150x150/png', 'https://placehold.co/800x400/png', '', '', true, false, true, true, true, true, true, 'London', NOW(), NOW()),
(24, '555-0024', 'Hi, I love events', 'Enthusiastic User', '', 'https://placehold.co/150x150/png', 'https://placehold.co/800x400/png', '', '', true, false, true, true, true, true, true, 'Chicago', NOW(), NOW()),
(25, '555-0025', 'Hi, I love events', 'Enthusiastic User', '', 'https://placehold.co/150x150/png', 'https://placehold.co/800x400/png', '', '', true, false, true, true, true, true, true, 'London', NOW(), NOW()),
(26, '555-0026', 'Hi, I love events', 'Enthusiastic User', '', 'https://placehold.co/150x150/png', 'https://placehold.co/800x400/png', '', '', true, false, true, true, true, true, true, 'Houston', NOW(), NOW());

-- 5. Insert Vendor Services
INSERT INTO vendors_vendorservice (id, vendor_id, title, description, category, visibility, base_price, portfolio_image, location_city, is_active, created_at, updated_at) VALUES
(1, 6, 'Photography Services 1', 'Premium Photography services', 'Photography', 'customer_facing', 1224.00, 'https://placehold.co/800x600/png', 'Toronto', true, NOW(), NOW()),
(2, 7, 'Decor Services 2', 'Premium Decor services', 'Decor', 'customer_facing', 758.00, 'https://placehold.co/800x600/png', 'Los Angeles', true, NOW(), NOW()),
(3, 8, 'Security Services 3', 'Premium Security services', 'Security', 'customer_facing', 1000.00, 'https://placehold.co/800x600/png', 'Chicago', true, NOW(), NOW()),
(4, 9, 'DJ Services 4', 'Premium DJ services', 'DJ', 'customer_facing', 1484.00, 'https://placehold.co/800x600/png', 'Miami', true, NOW(), NOW()),
(5, 10, 'Decor Services 5', 'Premium Decor services', 'Decor', 'customer_facing', 128.00, 'https://placehold.co/800x600/png', 'Los Angeles', true, NOW(), NOW()),
(6, 11, 'Photography Services 6', 'Premium Photography services', 'Photography', 'customer_facing', 901.00, 'https://placehold.co/800x600/png', 'Los Angeles', true, NOW(), NOW()),
(7, 12, 'DJ Services 7', 'Premium DJ services', 'DJ', 'customer_facing', 738.00, 'https://placehold.co/800x600/png', 'Chicago', true, NOW(), NOW()),
(8, 13, 'Catering Services 8', 'Premium Catering services', 'Catering', 'customer_facing', 541.00, 'https://placehold.co/800x600/png', 'Houston', true, NOW(), NOW()),
(9, 14, 'Decor Services 9', 'Premium Decor services', 'Decor', 'customer_facing', 463.00, 'https://placehold.co/800x600/png', 'Los Angeles', true, NOW(), NOW()),
(10, 15, 'Decor Services 10', 'Premium Decor services', 'Decor', 'customer_facing', 936.00, 'https://placehold.co/800x600/png', 'Chicago', true, NOW(), NOW());

-- 6. Insert Event Series (Disabled)
-- 7. Insert Events
INSERT INTO events_event (id, host_id, title, slug, description, category_id, series_id, occurrence_index, location_name, location_address, check_in_instructions, event_ready_message, latitude, longitude, start_time, end_time, capacity, ticket_price_standard, ticket_price_flexible, refund_window_hours, cover_image, status, lifecycle_state, tags, features, interest_count, ticket_count, created_at, updated_at) VALUES
(1, 13, 'Event Title 1', 'event-title-1', 'Description for event 1', 6, NULL, NULL, 'Venue 1', '123 New York St', '', '', NULL, NULL, NOW() + INTERVAL '-1 days', (NOW() + INTERVAL '-1 days' + INTERVAL '3 hours'), 100, 5.00, NULL, 24, '/assets/default-event-img.png', 'cancelled', 'cancelled', '[]', '[]', 10, 14, NOW() + INTERVAL '-76 days', NOW() + INTERVAL '-76 days'),
(2, 17, 'Event Title 2', 'event-title-2', 'Description for event 2', 6, NULL, NULL, 'Venue 2', '123 New York St', '', '', NULL, NULL, NOW() + INTERVAL '-28 days', (NOW() + INTERVAL '-28 days' + INTERVAL '3 hours'), 100, 14.00, NULL, 24, '/assets/default-event-img.png', 'published', 'live', '[]', '[]', 1, 45, NOW() + INTERVAL '-70 days', NOW() + INTERVAL '-70 days'),
(3, 5, 'Event Title 3', 'event-title-3', 'Description for event 3', 2, NULL, NULL, 'Venue 3', '123 Houston St', '', '', NULL, NULL, NOW() + INTERVAL '-1 days', (NOW() + INTERVAL '-1 days' + INTERVAL '3 hours'), 100, 13.00, NULL, 24, '/assets/default-event-img.png', 'draft', 'draft', '[]', '[]', 7, 16, NOW() + INTERVAL '-51 days', NOW() + INTERVAL '-51 days'),
(4, 2, 'Event Title 4', 'event-title-4', 'Description for event 4', 5, NULL, NULL, 'Venue 4', '123 Los Angeles St', '', '', NULL, NULL, NOW() + INTERVAL '17 days', (NOW() + INTERVAL '17 days' + INTERVAL '3 hours'), 100, 46.00, NULL, 24, '/assets/default-event-img.png', 'draft', 'draft', '[]', '[]', 1, 36, NOW() + INTERVAL '-31 days', NOW() + INTERVAL '-31 days'),
(5, 2, 'Event Title 5', 'event-title-5', 'Description for event 5', 9, NULL, NULL, 'Venue 5', '123 Los Angeles St', '', '', NULL, NULL, NOW() + INTERVAL '-17 days', (NOW() + INTERVAL '-17 days' + INTERVAL '3 hours'), 100, 50.00, NULL, 24, '/assets/default-event-img.png', 'draft', 'draft', '[]', '[]', 2, 35, NOW() + INTERVAL '-40 days', NOW() + INTERVAL '-40 days'),
(6, 20, 'Event Title 6', 'event-title-6', 'Description for event 6', 9, NULL, NULL, 'Venue 6', '123 London St', '', '', NULL, NULL, NOW() + INTERVAL '-11 days', (NOW() + INTERVAL '-11 days' + INTERVAL '3 hours'), 100, 45.00, NULL, 24, '/assets/default-event-img.png', 'draft', 'draft', '[]', '[]', 1, 41, NOW() + INTERVAL '-69 days', NOW() + INTERVAL '-69 days'),
(7, 15, 'Event Title 7', 'event-title-7', 'Description for event 7', 4, NULL, NULL, 'Venue 7', '123 Chicago St', '', '', NULL, NULL, NOW() + INTERVAL '15 days', (NOW() + INTERVAL '15 days' + INTERVAL '3 hours'), 100, 5.00, NULL, 24, '/assets/default-event-img.png', 'draft', 'draft', '[]', '[]', 9, 13, NOW() + INTERVAL '-59 days', NOW() + INTERVAL '-59 days'),
(8, 7, 'Event Title 8', 'event-title-8', 'Description for event 8', 7, NULL, NULL, 'Venue 8', '123 New York St', '', '', NULL, NULL, NOW() + INTERVAL '-18 days', (NOW() + INTERVAL '-18 days' + INTERVAL '3 hours'), 100, 41.00, NULL, 24, '/assets/default-event-img.png', 'completed', 'completed', '[]', '[]', 20, 22, NOW() + INTERVAL '-84 days', NOW() + INTERVAL '-84 days'),
(9, 20, 'Event Title 9', 'event-title-9', 'Description for event 9', 12, NULL, NULL, 'Venue 9', '123 London St', '', '', NULL, NULL, NOW() + INTERVAL '26 days', (NOW() + INTERVAL '26 days' + INTERVAL '3 hours'), 100, 29.00, NULL, 24, '/assets/default-event-img.png', 'draft', 'draft', '[]', '[]', 6, 34, NOW() + INTERVAL '-75 days', NOW() + INTERVAL '-75 days'),
(10, 16, 'Event Title 10', 'event-title-10', 'Description for event 10', 8, NULL, NULL, 'Venue 10', '123 Chicago St', '', '', NULL, NULL, NOW() + INTERVAL '-16 days', (NOW() + INTERVAL '-16 days' + INTERVAL '3 hours'), 100, 10.00, NULL, 24, '/assets/default-event-img.png', 'completed', 'published', '[]', '[]', 16, 17, NOW() + INTERVAL '-33 days', NOW() + INTERVAL '-33 days'),
(11, 10, 'Event Title 11', 'event-title-11', 'Description for event 11', 5, NULL, NULL, 'Venue 11', '123 Houston St', '', '', NULL, NULL, NOW() + INTERVAL '-7 days', (NOW() + INTERVAL '-7 days' + INTERVAL '3 hours'), 100, 12.00, NULL, 24, '/assets/default-event-img.png', 'cancelled', 'cancelled', '[]', '[]', 9, 35, NOW() + INTERVAL '-88 days', NOW() + INTERVAL '-88 days'),
(12, 10, 'Event Title 12', 'event-title-12', 'Description for event 12', 11, NULL, NULL, 'Venue 12', '123 Toronto St', '', '', NULL, NULL, NOW() + INTERVAL '-7 days', (NOW() + INTERVAL '-7 days' + INTERVAL '3 hours'), 100, 36.00, NULL, 24, '/assets/default-event-img.png', 'published', 'completed', '[]', '[]', 9, 49, NOW() + INTERVAL '-76 days', NOW() + INTERVAL '-76 days'),
(13, 18, 'Event Title 13', 'event-title-13', 'Description for event 13', 10, NULL, NULL, 'Venue 13', '123 Houston St', '', '', NULL, NULL, NOW() + INTERVAL '-28 days', (NOW() + INTERVAL '-28 days' + INTERVAL '3 hours'), 100, 43.00, NULL, 24, '/assets/default-event-img.png', 'completed', 'completed', '[]', '[]', 18, 21, NOW() + INTERVAL '-39 days', NOW() + INTERVAL '-39 days'),
(14, 14, 'Event Title 14', 'event-title-14', 'Description for event 14', 12, NULL, NULL, 'Venue 14', '123 London St', '', '', NULL, NULL, NOW() + INTERVAL '23 days', (NOW() + INTERVAL '23 days' + INTERVAL '3 hours'), 100, 47.00, NULL, 24, '/assets/default-event-img.png', 'published', 'published', '[]', '[]', 20, 47, NOW() + INTERVAL '-45 days', NOW() + INTERVAL '-45 days'),
(15, 10, 'Event Title 15', 'event-title-15', 'Description for event 15', 2, NULL, NULL, 'Venue 15', '123 Chicago St', '', '', NULL, NULL, NOW() + INTERVAL '8 days', (NOW() + INTERVAL '8 days' + INTERVAL '3 hours'), 100, 40.00, NULL, 24, '/assets/default-event-img.png', 'completed', 'draft', '[]', '[]', 7, 22, NOW() + INTERVAL '-44 days', NOW() + INTERVAL '-44 days'),
(16, 18, 'Event Title 16', 'event-title-16', 'Description for event 16', 1, NULL, NULL, 'Venue 16', '123 Miami St', '', '', NULL, NULL, NOW() + INTERVAL '1 days', (NOW() + INTERVAL '1 days' + INTERVAL '3 hours'), 100, 49.00, NULL, 24, '/assets/default-event-img.png', 'completed', 'published', '[]', '[]', 1, 40, NOW() + INTERVAL '-33 days', NOW() + INTERVAL '-33 days'),
(17, 5, 'Event Title 17', 'event-title-17', 'Description for event 17', 1, NULL, NULL, 'Venue 17', '123 Miami St', '', '', NULL, NULL, NOW() + INTERVAL '-12 days', (NOW() + INTERVAL '-12 days' + INTERVAL '3 hours'), 100, 34.00, NULL, 24, '/assets/default-event-img.png', 'cancelled', 'cancelled', '[]', '[]', 2, 15, NOW() + INTERVAL '-39 days', NOW() + INTERVAL '-39 days'),
(18, 18, 'Event Title 18', 'event-title-18', 'Description for event 18', 3, NULL, NULL, 'Venue 18', '123 London St', '', '', NULL, NULL, NOW() + INTERVAL '11 days', (NOW() + INTERVAL '11 days' + INTERVAL '3 hours'), 100, 12.00, NULL, 24, '/assets/default-event-img.png', 'completed', 'live', '[]', '[]', 13, 26, NOW() + INTERVAL '-75 days', NOW() + INTERVAL '-75 days'),
(19, 3, 'Event Title 19', 'event-title-19', 'Description for event 19', 11, NULL, NULL, 'Venue 19', '123 Miami St', '', '', NULL, NULL, NOW() + INTERVAL '-22 days', (NOW() + INTERVAL '-22 days' + INTERVAL '3 hours'), 100, 35.00, NULL, 24, '/assets/default-event-img.png', 'draft', 'draft', '[]', '[]', 20, 10, NOW() + INTERVAL '-37 days', NOW() + INTERVAL '-37 days'),
(20, 12, 'Event Title 20', 'event-title-20', 'Description for event 20', 3, NULL, NULL, 'Venue 20', '123 Houston St', '', '', NULL, NULL, NOW() + INTERVAL '26 days', (NOW() + INTERVAL '26 days' + INTERVAL '3 hours'), 100, 20.00, NULL, 24, '/assets/default-event-img.png', 'draft', 'draft', '[]', '[]', 7, 22, NOW() + INTERVAL '-30 days', NOW() + INTERVAL '-30 days'),
(21, 7, 'Event Title 21', 'event-title-21', 'Description for event 21', 7, NULL, NULL, 'Venue 21', '123 Houston St', '', '', NULL, NULL, NOW() + INTERVAL '-25 days', (NOW() + INTERVAL '-25 days' + INTERVAL '3 hours'), 100, 21.00, NULL, 24, '/assets/default-event-img.png', 'completed', 'live', '[]', '[]', 3, 22, NOW() + INTERVAL '-87 days', NOW() + INTERVAL '-87 days'),
(22, 11, 'Event Title 22', 'event-title-22', 'Description for event 22', 8, NULL, NULL, 'Venue 22', '123 Toronto St', '', '', NULL, NULL, NOW() + INTERVAL '-13 days', (NOW() + INTERVAL '-13 days' + INTERVAL '3 hours'), 100, 3.00, NULL, 24, '/assets/default-event-img.png', 'draft', 'draft', '[]', '[]', 3, 42, NOW() + INTERVAL '-30 days', NOW() + INTERVAL '-30 days'),
(23, 6, 'Event Title 23', 'event-title-23', 'Description for event 23', 6, NULL, NULL, 'Venue 23', '123 London St', '', '', NULL, NULL, NOW() + INTERVAL '0 days', (NOW() + INTERVAL '0 days' + INTERVAL '3 hours'), 100, 2.00, NULL, 24, '/assets/default-event-img.png', 'published', 'published', '[]', '[]', 20, 22, NOW() + INTERVAL '-51 days', NOW() + INTERVAL '-51 days'),
(24, 8, 'Event Title 24', 'event-title-24', 'Description for event 24', 5, NULL, NULL, 'Venue 24', '123 Miami St', '', '', NULL, NULL, NOW() + INTERVAL '-3 days', (NOW() + INTERVAL '-3 days' + INTERVAL '3 hours'), 100, 50.00, NULL, 24, '/assets/default-event-img.png', 'published', 'completed', '[]', '[]', 5, 4, NOW() + INTERVAL '-53 days', NOW() + INTERVAL '-53 days'),
(25, 19, 'Event Title 25', 'event-title-25', 'Description for event 25', 6, NULL, NULL, 'Venue 25', '123 London St', '', '', NULL, NULL, NOW() + INTERVAL '7 days', (NOW() + INTERVAL '7 days' + INTERVAL '3 hours'), 100, 8.00, NULL, 24, '/assets/default-event-img.png', 'draft', 'draft', '[]', '[]', 1, 21, NOW() + INTERVAL '-58 days', NOW() + INTERVAL '-58 days'),
(26, 10, 'Event Title 26', 'event-title-26', 'Description for event 26', 12, NULL, NULL, 'Venue 26', '123 Houston St', '', '', NULL, NULL, NOW() + INTERVAL '4 days', (NOW() + INTERVAL '4 days' + INTERVAL '3 hours'), 100, 0.00, NULL, 24, '/assets/default-event-img.png', 'draft', 'draft', '[]', '[]', 5, 26, NOW() + INTERVAL '-67 days', NOW() + INTERVAL '-67 days'),
(27, 13, 'Event Title 27', 'event-title-27', 'Description for event 27', 5, NULL, NULL, 'Venue 27', '123 Toronto St', '', '', NULL, NULL, NOW() + INTERVAL '29 days', (NOW() + INTERVAL '29 days' + INTERVAL '3 hours'), 100, 36.00, NULL, 24, '/assets/default-event-img.png', 'published', 'completed', '[]', '[]', 14, 33, NOW() + INTERVAL '-49 days', NOW() + INTERVAL '-49 days'),
(28, 11, 'Event Title 28', 'event-title-28', 'Description for event 28', 4, NULL, NULL, 'Venue 28', '123 Toronto St', '', '', NULL, NULL, NOW() + INTERVAL '29 days', (NOW() + INTERVAL '29 days' + INTERVAL '3 hours'), 100, 11.00, NULL, 24, '/assets/default-event-img.png', 'completed', 'draft', '[]', '[]', 13, 23, NOW() + INTERVAL '-85 days', NOW() + INTERVAL '-85 days'),
(29, 15, 'Event Title 29', 'event-title-29', 'Description for event 29', 4, NULL, NULL, 'Venue 29', '123 Los Angeles St', '', '', NULL, NULL, NOW() + INTERVAL '-26 days', (NOW() + INTERVAL '-26 days' + INTERVAL '3 hours'), 100, 40.00, NULL, 24, '/assets/default-event-img.png', 'completed', 'completed', '[]', '[]', 12, 6, NOW() + INTERVAL '-36 days', NOW() + INTERVAL '-36 days'),
(30, 18, 'Event Title 30', 'event-title-30', 'Description for event 30', 1, NULL, NULL, 'Venue 30', '123 Toronto St', '', '', NULL, NULL, NOW() + INTERVAL '-12 days', (NOW() + INTERVAL '-12 days' + INTERVAL '3 hours'), 100, 12.00, NULL, 24, '/assets/default-event-img.png', 'draft', 'draft', '[]', '[]', 19, 34, NOW() + INTERVAL '-73 days', NOW() + INTERVAL '-73 days'),
(31, 7, 'Event Title 31', 'event-title-31', 'Description for event 31', 5, NULL, NULL, 'Venue 31', '123 New York St', '', '', NULL, NULL, NOW() + INTERVAL '15 days', (NOW() + INTERVAL '15 days' + INTERVAL '3 hours'), 100, 23.00, NULL, 24, '/assets/default-event-img.png', 'completed', 'draft', '[]', '[]', 15, 23, NOW() + INTERVAL '-85 days', NOW() + INTERVAL '-85 days'),
(32, 18, 'Event Title 32', 'event-title-32', 'Description for event 32', 10, NULL, NULL, 'Venue 32', '123 London St', '', '', NULL, NULL, NOW() + INTERVAL '1 days', (NOW() + INTERVAL '1 days' + INTERVAL '3 hours'), 100, 20.00, NULL, 24, '/assets/default-event-img.png', 'draft', 'draft', '[]', '[]', 5, 45, NOW() + INTERVAL '-77 days', NOW() + INTERVAL '-77 days'),
(33, 13, 'Event Title 33', 'event-title-33', 'Description for event 33', 2, NULL, NULL, 'Venue 33', '123 London St', '', '', NULL, NULL, NOW() + INTERVAL '21 days', (NOW() + INTERVAL '21 days' + INTERVAL '3 hours'), 100, 40.00, NULL, 24, '/assets/default-event-img.png', 'published', 'completed', '[]', '[]', 0, 37, NOW() + INTERVAL '-88 days', NOW() + INTERVAL '-88 days'),
(34, 14, 'Event Title 34', 'event-title-34', 'Description for event 34', 7, NULL, NULL, 'Venue 34', '123 Houston St', '', '', NULL, NULL, NOW() + INTERVAL '1 days', (NOW() + INTERVAL '1 days' + INTERVAL '3 hours'), 100, 32.00, NULL, 24, '/assets/default-event-img.png', 'draft', 'draft', '[]', '[]', 15, 42, NOW() + INTERVAL '-56 days', NOW() + INTERVAL '-56 days'),
(35, 11, 'Event Title 35', 'event-title-35', 'Description for event 35', 11, NULL, NULL, 'Venue 35', '123 Houston St', '', '', NULL, NULL, NOW() + INTERVAL '-22 days', (NOW() + INTERVAL '-22 days' + INTERVAL '3 hours'), 100, 2.00, NULL, 24, '/assets/default-event-img.png', 'cancelled', 'cancelled', '[]', '[]', 17, 20, NOW() + INTERVAL '-46 days', NOW() + INTERVAL '-46 days'),
(36, 6, 'Event Title 36', 'event-title-36', 'Description for event 36', 4, NULL, NULL, 'Venue 36', '123 Chicago St', '', '', NULL, NULL, NOW() + INTERVAL '27 days', (NOW() + INTERVAL '27 days' + INTERVAL '3 hours'), 100, 13.00, NULL, 24, '/assets/default-event-img.png', 'completed', 'completed', '[]', '[]', 4, 2, NOW() + INTERVAL '-31 days', NOW() + INTERVAL '-31 days'),
(37, 4, 'Event Title 37', 'event-title-37', 'Description for event 37', 11, NULL, NULL, 'Venue 37', '123 New York St', '', '', NULL, NULL, NOW() + INTERVAL '24 days', (NOW() + INTERVAL '24 days' + INTERVAL '3 hours'), 100, 7.00, NULL, 24, '/assets/default-event-img.png', 'published', 'published', '[]', '[]', 9, 14, NOW() + INTERVAL '-71 days', NOW() + INTERVAL '-71 days'),
(38, 8, 'Event Title 38', 'event-title-38', 'Description for event 38', 6, NULL, NULL, 'Venue 38', '123 Miami St', '', '', NULL, NULL, NOW() + INTERVAL '-6 days', (NOW() + INTERVAL '-6 days' + INTERVAL '3 hours'), 100, 18.00, NULL, 24, '/assets/default-event-img.png', 'published', 'published', '[]', '[]', 16, 12, NOW() + INTERVAL '-50 days', NOW() + INTERVAL '-50 days'),
(39, 14, 'Event Title 39', 'event-title-39', 'Description for event 39', 2, NULL, NULL, 'Venue 39', '123 New York St', '', '', NULL, NULL, NOW() + INTERVAL '26 days', (NOW() + INTERVAL '26 days' + INTERVAL '3 hours'), 100, 11.00, NULL, 24, '/assets/default-event-img.png', 'draft', 'draft', '[]', '[]', 4, 46, NOW() + INTERVAL '-50 days', NOW() + INTERVAL '-50 days'),
(40, 20, 'Event Title 40', 'event-title-40', 'Description for event 40', 11, NULL, NULL, 'Venue 40', '123 Miami St', '', '', NULL, NULL, NOW() + INTERVAL '-29 days', (NOW() + INTERVAL '-29 days' + INTERVAL '3 hours'), 100, 34.00, NULL, 24, '/assets/default-event-img.png', 'draft', 'draft', '[]', '[]', 14, 45, NOW() + INTERVAL '-62 days', NOW() + INTERVAL '-62 days'),
(41, 14, 'Event Title 41', 'event-title-41', 'Description for event 41', 12, NULL, NULL, 'Venue 41', '123 New York St', '', '', NULL, NULL, NOW() + INTERVAL '-5 days', (NOW() + INTERVAL '-5 days' + INTERVAL '3 hours'), 100, 38.00, NULL, 24, '/assets/default-event-img.png', 'completed', 'published', '[]', '[]', 7, 11, NOW() + INTERVAL '-62 days', NOW() + INTERVAL '-62 days'),
(42, 15, 'Event Title 42', 'event-title-42', 'Description for event 42', 10, NULL, NULL, 'Venue 42', '123 Miami St', '', '', NULL, NULL, NOW() + INTERVAL '-24 days', (NOW() + INTERVAL '-24 days' + INTERVAL '3 hours'), 100, 10.00, NULL, 24, '/assets/default-event-img.png', 'cancelled', 'cancelled', '[]', '[]', 15, 31, NOW() + INTERVAL '-70 days', NOW() + INTERVAL '-70 days'),
(43, 20, 'Event Title 43', 'event-title-43', 'Description for event 43', 4, NULL, NULL, 'Venue 43', '123 New York St', '', '', NULL, NULL, NOW() + INTERVAL '16 days', (NOW() + INTERVAL '16 days' + INTERVAL '3 hours'), 100, 7.00, NULL, 24, '/assets/default-event-img.png', 'published', 'draft', '[]', '[]', 9, 24, NOW() + INTERVAL '-58 days', NOW() + INTERVAL '-58 days'),
(44, 9, 'Event Title 44', 'event-title-44', 'Description for event 44', 5, NULL, NULL, 'Venue 44', '123 Chicago St', '', '', NULL, NULL, NOW() + INTERVAL '-5 days', (NOW() + INTERVAL '-5 days' + INTERVAL '3 hours'), 100, 8.00, NULL, 24, '/assets/default-event-img.png', 'cancelled', 'cancelled', '[]', '[]', 20, 48, NOW() + INTERVAL '-87 days', NOW() + INTERVAL '-87 days'),
(45, 10, 'Event Title 45', 'event-title-45', 'Description for event 45', 12, NULL, NULL, 'Venue 45', '123 Los Angeles St', '', '', NULL, NULL, NOW() + INTERVAL '-2 days', (NOW() + INTERVAL '-2 days' + INTERVAL '3 hours'), 100, 10.00, NULL, 24, '/assets/default-event-img.png', 'draft', 'draft', '[]', '[]', 11, 24, NOW() + INTERVAL '-71 days', NOW() + INTERVAL '-71 days'),
(46, 18, 'Event Title 46', 'event-title-46', 'Description for event 46', 8, NULL, NULL, 'Venue 46', '123 Miami St', '', '', NULL, NULL, NOW() + INTERVAL '-20 days', (NOW() + INTERVAL '-20 days' + INTERVAL '3 hours'), 100, 10.00, NULL, 24, '/assets/default-event-img.png', 'completed', 'published', '[]', '[]', 16, 17, NOW() + INTERVAL '-31 days', NOW() + INTERVAL '-31 days'),
(47, 4, 'Event Title 47', 'event-title-47', 'Description for event 47', 10, NULL, NULL, 'Venue 47', '123 Houston St', '', '', NULL, NULL, NOW() + INTERVAL '15 days', (NOW() + INTERVAL '15 days' + INTERVAL '3 hours'), 100, 26.00, NULL, 24, '/assets/default-event-img.png', 'draft', 'draft', '[]', '[]', 12, 39, NOW() + INTERVAL '-54 days', NOW() + INTERVAL '-54 days'),
(48, 10, 'Event Title 48', 'event-title-48', 'Description for event 48', 12, NULL, NULL, 'Venue 48', '123 London St', '', '', NULL, NULL, NOW() + INTERVAL '-5 days', (NOW() + INTERVAL '-5 days' + INTERVAL '3 hours'), 100, 15.00, NULL, 24, '/assets/default-event-img.png', 'draft', 'draft', '[]', '[]', 13, 0, NOW() + INTERVAL '-80 days', NOW() + INTERVAL '-80 days'),
(49, 3, 'Event Title 49', 'event-title-49', 'Description for event 49', 2, NULL, NULL, 'Venue 49', '123 Chicago St', '', '', NULL, NULL, NOW() + INTERVAL '-30 days', (NOW() + INTERVAL '-30 days' + INTERVAL '3 hours'), 100, 38.00, NULL, 24, '/assets/default-event-img.png', 'cancelled', 'cancelled', '[]', '[]', 5, 31, NOW() + INTERVAL '-88 days', NOW() + INTERVAL '-88 days'),
(50, 7, 'Event Title 50', 'event-title-50', 'Description for event 50', 4, NULL, NULL, 'Venue 50', '123 Houston St', '', '', NULL, NULL, NOW() + INTERVAL '-17 days', (NOW() + INTERVAL '-17 days' + INTERVAL '3 hours'), 100, 35.00, NULL, 24, '/assets/default-event-img.png', 'published', 'draft', '[]', '[]', 11, 35, NOW() + INTERVAL '-32 days', NOW() + INTERVAL '-32 days'),
(51, 15, 'Event Title 51', 'event-title-51', 'Description for event 51', 10, NULL, NULL, 'Venue 51', '123 Los Angeles St', '', '', NULL, NULL, NOW() + INTERVAL '28 days', (NOW() + INTERVAL '28 days' + INTERVAL '3 hours'), 100, 23.00, NULL, 24, '/assets/default-event-img.png', 'draft', 'draft', '[]', '[]', 19, 30, NOW() + INTERVAL '-49 days', NOW() + INTERVAL '-49 days'),
(52, 14, 'Event Title 52', 'event-title-52', 'Description for event 52', 8, NULL, NULL, 'Venue 52', '123 London St', '', '', NULL, NULL, NOW() + INTERVAL '2 days', (NOW() + INTERVAL '2 days' + INTERVAL '3 hours'), 100, 49.00, NULL, 24, '/assets/default-event-img.png', 'completed', 'published', '[]', '[]', 2, 3, NOW() + INTERVAL '-46 days', NOW() + INTERVAL '-46 days'),
(53, 13, 'Event Title 53', 'event-title-53', 'Description for event 53', 7, NULL, NULL, 'Venue 53', '123 Miami St', '', '', NULL, NULL, NOW() + INTERVAL '-27 days', (NOW() + INTERVAL '-27 days' + INTERVAL '3 hours'), 100, 39.00, NULL, 24, '/assets/default-event-img.png', 'completed', 'live', '[]', '[]', 16, 1, NOW() + INTERVAL '-38 days', NOW() + INTERVAL '-38 days'),
(54, 18, 'Event Title 54', 'event-title-54', 'Description for event 54', 11, NULL, NULL, 'Venue 54', '123 Toronto St', '', '', NULL, NULL, NOW() + INTERVAL '-12 days', (NOW() + INTERVAL '-12 days' + INTERVAL '3 hours'), 100, 7.00, NULL, 24, '/assets/default-event-img.png', 'cancelled', 'cancelled', '[]', '[]', 10, 47, NOW() + INTERVAL '-88 days', NOW() + INTERVAL '-88 days'),
(55, 7, 'Event Title 55', 'event-title-55', 'Description for event 55', 4, NULL, NULL, 'Venue 55', '123 Chicago St', '', '', NULL, NULL, NOW() + INTERVAL '3 days', (NOW() + INTERVAL '3 days' + INTERVAL '3 hours'), 100, 6.00, NULL, 24, '/assets/default-event-img.png', 'cancelled', 'cancelled', '[]', '[]', 15, 34, NOW() + INTERVAL '-84 days', NOW() + INTERVAL '-84 days'),
(56, 13, 'Event Title 56', 'event-title-56', 'Description for event 56', 12, NULL, NULL, 'Venue 56', '123 New York St', '', '', NULL, NULL, NOW() + INTERVAL '-30 days', (NOW() + INTERVAL '-30 days' + INTERVAL '3 hours'), 100, 31.00, NULL, 24, '/assets/default-event-img.png', 'completed', 'completed', '[]', '[]', 5, 0, NOW() + INTERVAL '-90 days', NOW() + INTERVAL '-90 days'),
(57, 8, 'Event Title 57', 'event-title-57', 'Description for event 57', 1, NULL, NULL, 'Venue 57', '123 Toronto St', '', '', NULL, NULL, NOW() + INTERVAL '3 days', (NOW() + INTERVAL '3 days' + INTERVAL '3 hours'), 100, 30.00, NULL, 24, '/assets/default-event-img.png', 'published', 'draft', '[]', '[]', 2, 48, NOW() + INTERVAL '-36 days', NOW() + INTERVAL '-36 days'),
(58, 16, 'Event Title 58', 'event-title-58', 'Description for event 58', 1, NULL, NULL, 'Venue 58', '123 Houston St', '', '', NULL, NULL, NOW() + INTERVAL '-12 days', (NOW() + INTERVAL '-12 days' + INTERVAL '3 hours'), 100, 15.00, NULL, 24, '/assets/default-event-img.png', 'draft', 'draft', '[]', '[]', 6, 5, NOW() + INTERVAL '-65 days', NOW() + INTERVAL '-65 days'),
(59, 9, 'Event Title 59', 'event-title-59', 'Description for event 59', 12, NULL, NULL, 'Venue 59', '123 Toronto St', '', '', NULL, NULL, NOW() + INTERVAL '3 days', (NOW() + INTERVAL '3 days' + INTERVAL '3 hours'), 100, 21.00, NULL, 24, '/assets/default-event-img.png', 'cancelled', 'cancelled', '[]', '[]', 19, 16, NOW() + INTERVAL '-59 days', NOW() + INTERVAL '-59 days'),
(60, 18, 'Event Title 60', 'event-title-60', 'Description for event 60', 1, NULL, NULL, 'Venue 60', '123 Chicago St', '', '', NULL, NULL, NOW() + INTERVAL '25 days', (NOW() + INTERVAL '25 days' + INTERVAL '3 hours'), 100, 29.00, NULL, 24, '/assets/default-event-img.png', 'completed', 'published', '[]', '[]', 17, 31, NOW() + INTERVAL '-61 days', NOW() + INTERVAL '-61 days'),
(61, 19, 'Event Title 61', 'event-title-61', 'Description for event 61', 5, NULL, NULL, 'Venue 61', '123 Los Angeles St', '', '', NULL, NULL, NOW() + INTERVAL '14 days', (NOW() + INTERVAL '14 days' + INTERVAL '3 hours'), 100, 14.00, NULL, 24, '/assets/default-event-img.png', 'cancelled', 'cancelled', '[]', '[]', 10, 46, NOW() + INTERVAL '-56 days', NOW() + INTERVAL '-56 days'),
(62, 11, 'Event Title 62', 'event-title-62', 'Description for event 62', 2, NULL, NULL, 'Venue 62', '123 Chicago St', '', '', NULL, NULL, NOW() + INTERVAL '8 days', (NOW() + INTERVAL '8 days' + INTERVAL '3 hours'), 100, 35.00, NULL, 24, '/assets/default-event-img.png', 'draft', 'draft', '[]', '[]', 11, 30, NOW() + INTERVAL '-75 days', NOW() + INTERVAL '-75 days'),
(63, 17, 'Event Title 63', 'event-title-63', 'Description for event 63', 10, NULL, NULL, 'Venue 63', '123 London St', '', '', NULL, NULL, NOW() + INTERVAL '30 days', (NOW() + INTERVAL '30 days' + INTERVAL '3 hours'), 100, 41.00, NULL, 24, '/assets/default-event-img.png', 'completed', 'completed', '[]', '[]', 16, 46, NOW() + INTERVAL '-84 days', NOW() + INTERVAL '-84 days'),
(64, 7, 'Event Title 64', 'event-title-64', 'Description for event 64', 4, NULL, NULL, 'Venue 64', '123 Miami St', '', '', NULL, NULL, NOW() + INTERVAL '-13 days', (NOW() + INTERVAL '-13 days' + INTERVAL '3 hours'), 100, 48.00, NULL, 24, '/assets/default-event-img.png', 'cancelled', 'cancelled', '[]', '[]', 6, 35, NOW() + INTERVAL '-30 days', NOW() + INTERVAL '-30 days'),
(65, 13, 'Event Title 65', 'event-title-65', 'Description for event 65', 3, NULL, NULL, 'Venue 65', '123 Chicago St', '', '', NULL, NULL, NOW() + INTERVAL '-28 days', (NOW() + INTERVAL '-28 days' + INTERVAL '3 hours'), 100, 9.00, NULL, 24, '/assets/default-event-img.png', 'published', 'live', '[]', '[]', 17, 20, NOW() + INTERVAL '-77 days', NOW() + INTERVAL '-77 days'),
(66, 20, 'Event Title 66', 'event-title-66', 'Description for event 66', 6, NULL, NULL, 'Venue 66', '123 London St', '', '', NULL, NULL, NOW() + INTERVAL '3 days', (NOW() + INTERVAL '3 days' + INTERVAL '3 hours'), 100, 23.00, NULL, 24, '/assets/default-event-img.png', 'draft', 'draft', '[]', '[]', 5, 0, NOW() + INTERVAL '-86 days', NOW() + INTERVAL '-86 days'),
(67, 2, 'Event Title 67', 'event-title-67', 'Description for event 67', 2, NULL, NULL, 'Venue 67', '123 Miami St', '', '', NULL, NULL, NOW() + INTERVAL '-21 days', (NOW() + INTERVAL '-21 days' + INTERVAL '3 hours'), 100, 33.00, NULL, 24, '/assets/default-event-img.png', 'draft', 'draft', '[]', '[]', 1, 23, NOW() + INTERVAL '-56 days', NOW() + INTERVAL '-56 days'),
(68, 15, 'Event Title 68', 'event-title-68', 'Description for event 68', 5, NULL, NULL, 'Venue 68', '123 Houston St', '', '', NULL, NULL, NOW() + INTERVAL '30 days', (NOW() + INTERVAL '30 days' + INTERVAL '3 hours'), 100, 3.00, NULL, 24, '/assets/default-event-img.png', 'draft', 'draft', '[]', '[]', 20, 43, NOW() + INTERVAL '-37 days', NOW() + INTERVAL '-37 days'),
(69, 2, 'Event Title 69', 'event-title-69', 'Description for event 69', 5, NULL, NULL, 'Venue 69', '123 Miami St', '', '', NULL, NULL, NOW() + INTERVAL '26 days', (NOW() + INTERVAL '26 days' + INTERVAL '3 hours'), 100, 4.00, NULL, 24, '/assets/default-event-img.png', 'completed', 'live', '[]', '[]', 0, 12, NOW() + INTERVAL '-68 days', NOW() + INTERVAL '-68 days'),
(70, 10, 'Event Title 70', 'event-title-70', 'Description for event 70', 4, NULL, NULL, 'Venue 70', '123 Chicago St', '', '', NULL, NULL, NOW() + INTERVAL '-1 days', (NOW() + INTERVAL '-1 days' + INTERVAL '3 hours'), 100, 27.00, NULL, 24, '/assets/default-event-img.png', 'cancelled', 'cancelled', '[]', '[]', 15, 24, NOW() + INTERVAL '-46 days', NOW() + INTERVAL '-46 days'),
(71, 3, 'Event Title 71', 'event-title-71', 'Description for event 71', 3, NULL, NULL, 'Venue 71', '123 Toronto St', '', '', NULL, NULL, NOW() + INTERVAL '-19 days', (NOW() + INTERVAL '-19 days' + INTERVAL '3 hours'), 100, 28.00, NULL, 24, '/assets/default-event-img.png', 'cancelled', 'cancelled', '[]', '[]', 7, 48, NOW() + INTERVAL '-87 days', NOW() + INTERVAL '-87 days'),
(72, 10, 'Event Title 72', 'event-title-72', 'Description for event 72', 8, NULL, NULL, 'Venue 72', '123 London St', '', '', NULL, NULL, NOW() + INTERVAL '-4 days', (NOW() + INTERVAL '-4 days' + INTERVAL '3 hours'), 100, 2.00, NULL, 24, '/assets/default-event-img.png', 'published', 'draft', '[]', '[]', 12, 38, NOW() + INTERVAL '-78 days', NOW() + INTERVAL '-78 days'),
(73, 12, 'Event Title 73', 'event-title-73', 'Description for event 73', 9, NULL, NULL, 'Venue 73', '123 Los Angeles St', '', '', NULL, NULL, NOW() + INTERVAL '30 days', (NOW() + INTERVAL '30 days' + INTERVAL '3 hours'), 100, 33.00, NULL, 24, '/assets/default-event-img.png', 'cancelled', 'cancelled', '[]', '[]', 16, 14, NOW() + INTERVAL '-50 days', NOW() + INTERVAL '-50 days'),
(74, 3, 'Event Title 74', 'event-title-74', 'Description for event 74', 7, NULL, NULL, 'Venue 74', '123 London St', '', '', NULL, NULL, NOW() + INTERVAL '4 days', (NOW() + INTERVAL '4 days' + INTERVAL '3 hours'), 100, 16.00, NULL, 24, '/assets/default-event-img.png', 'completed', 'live', '[]', '[]', 12, 12, NOW() + INTERVAL '-60 days', NOW() + INTERVAL '-60 days'),
(75, 18, 'Event Title 75', 'event-title-75', 'Description for event 75', 4, NULL, NULL, 'Venue 75', '123 Houston St', '', '', NULL, NULL, NOW() + INTERVAL '9 days', (NOW() + INTERVAL '9 days' + INTERVAL '3 hours'), 100, 11.00, NULL, 24, '/assets/default-event-img.png', 'published', 'published', '[]', '[]', 4, 37, NOW() + INTERVAL '-69 days', NOW() + INTERVAL '-69 days'),
(76, 7, 'Event Title 76', 'event-title-76', 'Description for event 76', 10, NULL, NULL, 'Venue 76', '123 New York St', '', '', NULL, NULL, NOW() + INTERVAL '1 days', (NOW() + INTERVAL '1 days' + INTERVAL '3 hours'), 100, 28.00, NULL, 24, '/assets/default-event-img.png', 'cancelled', 'cancelled', '[]', '[]', 15, 28, NOW() + INTERVAL '-80 days', NOW() + INTERVAL '-80 days'),
(77, 14, 'Event Title 77', 'event-title-77', 'Description for event 77', 5, NULL, NULL, 'Venue 77', '123 London St', '', '', NULL, NULL, NOW() + INTERVAL '14 days', (NOW() + INTERVAL '14 days' + INTERVAL '3 hours'), 100, 37.00, NULL, 24, '/assets/default-event-img.png', 'completed', 'draft', '[]', '[]', 11, 34, NOW() + INTERVAL '-39 days', NOW() + INTERVAL '-39 days'),
(78, 7, 'Event Title 78', 'event-title-78', 'Description for event 78', 2, NULL, NULL, 'Venue 78', '123 New York St', '', '', NULL, NULL, NOW() + INTERVAL '-1 days', (NOW() + INTERVAL '-1 days' + INTERVAL '3 hours'), 100, 13.00, NULL, 24, '/assets/default-event-img.png', 'cancelled', 'cancelled', '[]', '[]', 4, 24, NOW() + INTERVAL '-89 days', NOW() + INTERVAL '-89 days'),
(79, 4, 'Event Title 79', 'event-title-79', 'Description for event 79', 11, NULL, NULL, 'Venue 79', '123 New York St', '', '', NULL, NULL, NOW() + INTERVAL '-16 days', (NOW() + INTERVAL '-16 days' + INTERVAL '3 hours'), 100, 50.00, NULL, 24, '/assets/default-event-img.png', 'published', 'completed', '[]', '[]', 9, 28, NOW() + INTERVAL '-64 days', NOW() + INTERVAL '-64 days'),
(80, 10, 'Event Title 80', 'event-title-80', 'Description for event 80', 10, NULL, NULL, 'Venue 80', '123 New York St', '', '', NULL, NULL, NOW() + INTERVAL '5 days', (NOW() + INTERVAL '5 days' + INTERVAL '3 hours'), 100, 0.00, NULL, 24, '/assets/default-event-img.png', 'draft', 'draft', '[]', '[]', 12, 12, NOW() + INTERVAL '-88 days', NOW() + INTERVAL '-88 days'),
(81, 19, 'Event Title 81', 'event-title-81', 'Description for event 81', 2, NULL, NULL, 'Venue 81', '123 Miami St', '', '', NULL, NULL, NOW() + INTERVAL '7 days', (NOW() + INTERVAL '7 days' + INTERVAL '3 hours'), 100, 36.00, NULL, 24, '/assets/default-event-img.png', 'published', 'live', '[]', '[]', 4, 31, NOW() + INTERVAL '-30 days', NOW() + INTERVAL '-30 days'),
(82, 8, 'Event Title 82', 'event-title-82', 'Description for event 82', 9, NULL, NULL, 'Venue 82', '123 London St', '', '', NULL, NULL, NOW() + INTERVAL '8 days', (NOW() + INTERVAL '8 days' + INTERVAL '3 hours'), 100, 16.00, NULL, 24, '/assets/default-event-img.png', 'draft', 'draft', '[]', '[]', 11, 30, NOW() + INTERVAL '-53 days', NOW() + INTERVAL '-53 days'),
(83, 5, 'Event Title 83', 'event-title-83', 'Description for event 83', 5, NULL, NULL, 'Venue 83', '123 New York St', '', '', NULL, NULL, NOW() + INTERVAL '-18 days', (NOW() + INTERVAL '-18 days' + INTERVAL '3 hours'), 100, 36.00, NULL, 24, '/assets/default-event-img.png', 'completed', 'draft', '[]', '[]', 11, 7, NOW() + INTERVAL '-76 days', NOW() + INTERVAL '-76 days'),
(84, 20, 'Event Title 84', 'event-title-84', 'Description for event 84', 10, NULL, NULL, 'Venue 84', '123 Toronto St', '', '', NULL, NULL, NOW() + INTERVAL '-6 days', (NOW() + INTERVAL '-6 days' + INTERVAL '3 hours'), 100, 41.00, NULL, 24, '/assets/default-event-img.png', 'completed', 'completed', '[]', '[]', 4, 18, NOW() + INTERVAL '-45 days', NOW() + INTERVAL '-45 days'),
(85, 9, 'Event Title 85', 'event-title-85', 'Description for event 85', 6, NULL, NULL, 'Venue 85', '123 London St', '', '', NULL, NULL, NOW() + INTERVAL '27 days', (NOW() + INTERVAL '27 days' + INTERVAL '3 hours'), 100, 42.00, NULL, 24, '/assets/default-event-img.png', 'draft', 'draft', '[]', '[]', 3, 25, NOW() + INTERVAL '-40 days', NOW() + INTERVAL '-40 days'),
(86, 16, 'Event Title 86', 'event-title-86', 'Description for event 86', 5, NULL, NULL, 'Venue 86', '123 Miami St', '', '', NULL, NULL, NOW() + INTERVAL '30 days', (NOW() + INTERVAL '30 days' + INTERVAL '3 hours'), 100, 38.00, NULL, 24, '/assets/default-event-img.png', 'published', 'completed', '[]', '[]', 19, 20, NOW() + INTERVAL '-48 days', NOW() + INTERVAL '-48 days'),
(87, 19, 'Event Title 87', 'event-title-87', 'Description for event 87', 9, NULL, NULL, 'Venue 87', '123 Houston St', '', '', NULL, NULL, NOW() + INTERVAL '13 days', (NOW() + INTERVAL '13 days' + INTERVAL '3 hours'), 100, 38.00, NULL, 24, '/assets/default-event-img.png', 'completed', 'completed', '[]', '[]', 14, 33, NOW() + INTERVAL '-64 days', NOW() + INTERVAL '-64 days'),
(88, 18, 'Event Title 88', 'event-title-88', 'Description for event 88', 6, NULL, NULL, 'Venue 88', '123 Miami St', '', '', NULL, NULL, NOW() + INTERVAL '1 days', (NOW() + INTERVAL '1 days' + INTERVAL '3 hours'), 100, 23.00, NULL, 24, '/assets/default-event-img.png', 'completed', 'draft', '[]', '[]', 4, 43, NOW() + INTERVAL '-45 days', NOW() + INTERVAL '-45 days'),
(89, 8, 'Event Title 89', 'event-title-89', 'Description for event 89', 1, NULL, NULL, 'Venue 89', '123 Chicago St', '', '', NULL, NULL, NOW() + INTERVAL '27 days', (NOW() + INTERVAL '27 days' + INTERVAL '3 hours'), 100, 42.00, NULL, 24, '/assets/default-event-img.png', 'completed', 'draft', '[]', '[]', 17, 5, NOW() + INTERVAL '-61 days', NOW() + INTERVAL '-61 days'),
(90, 13, 'Event Title 90', 'event-title-90', 'Description for event 90', 1, NULL, NULL, 'Venue 90', '123 Miami St', '', '', NULL, NULL, NOW() + INTERVAL '-4 days', (NOW() + INTERVAL '-4 days' + INTERVAL '3 hours'), 100, 12.00, NULL, 24, '/assets/default-event-img.png', 'draft', 'draft', '[]', '[]', 4, 37, NOW() + INTERVAL '-38 days', NOW() + INTERVAL '-38 days'),
(91, 8, 'Event Title 91', 'event-title-91', 'Description for event 91', 4, NULL, NULL, 'Venue 91', '123 Toronto St', '', '', NULL, NULL, NOW() + INTERVAL '-15 days', (NOW() + INTERVAL '-15 days' + INTERVAL '3 hours'), 100, 15.00, NULL, 24, '/assets/default-event-img.png', 'cancelled', 'cancelled', '[]', '[]', 10, 23, NOW() + INTERVAL '-76 days', NOW() + INTERVAL '-76 days'),
(92, 9, 'Event Title 92', 'event-title-92', 'Description for event 92', 7, NULL, NULL, 'Venue 92', '123 Houston St', '', '', NULL, NULL, NOW() + INTERVAL '-11 days', (NOW() + INTERVAL '-11 days' + INTERVAL '3 hours'), 100, 50.00, NULL, 24, '/assets/default-event-img.png', 'published', 'draft', '[]', '[]', 15, 10, NOW() + INTERVAL '-62 days', NOW() + INTERVAL '-62 days'),
(93, 17, 'Event Title 93', 'event-title-93', 'Description for event 93', 9, NULL, NULL, 'Venue 93', '123 Chicago St', '', '', NULL, NULL, NOW() + INTERVAL '-9 days', (NOW() + INTERVAL '-9 days' + INTERVAL '3 hours'), 100, 36.00, NULL, 24, '/assets/default-event-img.png', 'draft', 'draft', '[]', '[]', 3, 22, NOW() + INTERVAL '-71 days', NOW() + INTERVAL '-71 days'),
(94, 20, 'Event Title 94', 'event-title-94', 'Description for event 94', 8, NULL, NULL, 'Venue 94', '123 Toronto St', '', '', NULL, NULL, NOW() + INTERVAL '24 days', (NOW() + INTERVAL '24 days' + INTERVAL '3 hours'), 100, 16.00, NULL, 24, '/assets/default-event-img.png', 'cancelled', 'cancelled', '[]', '[]', 11, 13, NOW() + INTERVAL '-34 days', NOW() + INTERVAL '-34 days'),
(95, 19, 'Event Title 95', 'event-title-95', 'Description for event 95', 1, NULL, NULL, 'Venue 95', '123 New York St', '', '', NULL, NULL, NOW() + INTERVAL '7 days', (NOW() + INTERVAL '7 days' + INTERVAL '3 hours'), 100, 20.00, NULL, 24, '/assets/default-event-img.png', 'draft', 'draft', '[]', '[]', 6, 19, NOW() + INTERVAL '-87 days', NOW() + INTERVAL '-87 days'),
(96, 18, 'Event Title 96', 'event-title-96', 'Description for event 96', 9, NULL, NULL, 'Venue 96', '123 Los Angeles St', '', '', NULL, NULL, NOW() + INTERVAL '13 days', (NOW() + INTERVAL '13 days' + INTERVAL '3 hours'), 100, 10.00, NULL, 24, '/assets/default-event-img.png', 'published', 'completed', '[]', '[]', 2, 24, NOW() + INTERVAL '-48 days', NOW() + INTERVAL '-48 days'),
(97, 14, 'Event Title 97', 'event-title-97', 'Description for event 97', 4, NULL, NULL, 'Venue 97', '123 Houston St', '', '', NULL, NULL, NOW() + INTERVAL '23 days', (NOW() + INTERVAL '23 days' + INTERVAL '3 hours'), 100, 32.00, NULL, 24, '/assets/default-event-img.png', 'completed', 'published', '[]', '[]', 12, 25, NOW() + INTERVAL '-87 days', NOW() + INTERVAL '-87 days'),
(98, 3, 'Event Title 98', 'event-title-98', 'Description for event 98', 11, NULL, NULL, 'Venue 98', '123 Chicago St', '', '', NULL, NULL, NOW() + INTERVAL '-27 days', (NOW() + INTERVAL '-27 days' + INTERVAL '3 hours'), 100, 19.00, NULL, 24, '/assets/default-event-img.png', 'completed', 'published', '[]', '[]', 15, 11, NOW() + INTERVAL '-89 days', NOW() + INTERVAL '-89 days'),
(99, 16, 'Event Title 99', 'event-title-99', 'Description for event 99', 10, NULL, NULL, 'Venue 99', '123 Chicago St', '', '', NULL, NULL, NOW() + INTERVAL '10 days', (NOW() + INTERVAL '10 days' + INTERVAL '3 hours'), 100, 18.00, NULL, 24, '/assets/default-event-img.png', 'cancelled', 'cancelled', '[]', '[]', 1, 26, NOW() + INTERVAL '-59 days', NOW() + INTERVAL '-59 days'),
(100, 6, 'Event Title 100', 'event-title-100', 'Description for event 100', 9, NULL, NULL, 'Venue 100', '123 Houston St', '', '', NULL, NULL, NOW() + INTERVAL '-12 days', (NOW() + INTERVAL '-12 days' + INTERVAL '3 hours'), 100, 3.00, NULL, 24, '/assets/default-event-img.png', 'cancelled', 'cancelled', '[]', '[]', 13, 49, NOW() + INTERVAL '-57 days', NOW() + INTERVAL '-57 days');

-- 8. Tickets
INSERT INTO tickets_ticket (event_id, goer_id, tier_id, ticket_type, color, guest_name, is_18_plus, barcode, qr_secret, is_refundable, refund_percentage, refund_deadline, price_paid, status, used_at, admitted_by_id, purchased_at, updated_at) VALUES
(2, 16, NULL, 'standard', 'gray', '', false, NULL, NULL, false, 100, NULL, 36.00, 'active', NULL, NULL, NOW(), NOW()),
(2, 8, NULL, 'standard', 'gray', '', false, NULL, NULL, false, 100, NULL, 34.00, 'active', NULL, NULL, NOW(), NOW()),
(2, 24, NULL, 'standard', 'gray', '', false, NULL, NULL, false, 100, NULL, 19.00, 'active', NULL, NULL, NOW(), NOW()),
(2, 9, NULL, 'standard', 'gray', '', false, NULL, NULL, false, 100, NULL, 11.00, 'active', NULL, NULL, NOW(), NOW()),
(3, 16, NULL, 'standard', 'gray', '', false, NULL, NULL, false, 100, NULL, 35.00, 'active', NULL, NULL, NOW(), NOW()),
(3, 20, NULL, 'standard', 'gray', '', false, NULL, NULL, false, 100, NULL, 37.00, 'active', NULL, NULL, NOW(), NOW()),
(3, 2, NULL, 'standard', 'gray', '', false, NULL, NULL, false, 100, NULL, 42.00, 'active', NULL, NULL, NOW(), NOW()),
(5, 13, NULL, 'standard', 'gray', '', false, NULL, NULL, false, 100, NULL, 19.00, 'active', NULL, NULL, NOW(), NOW()),
(5, 3, NULL, 'standard', 'gray', '', false, NULL, NULL, false, 100, NULL, 19.00, 'active', NULL, NULL, NOW(), NOW()),
(5, 24, NULL, 'standard', 'gray', '', false, NULL, NULL, false, 100, NULL, 33.00, 'active', NULL, NULL, NOW(), NOW()),
(5, 21, NULL, 'standard', 'gray', '', false, NULL, NULL, false, 100, NULL, 17.00, 'active', NULL, NULL, NOW(), NOW()),
(5, 25, NULL, 'standard', 'gray', '', false, NULL, NULL, false, 100, NULL, 50.00, 'active', NULL, NULL, NOW(), NOW()),
(5, 5, NULL, 'standard', 'gray', '', false, NULL, NULL, false, 100, NULL, 26.00, 'active', NULL, NULL, NOW(), NOW()),
(6, 15, NULL, 'standard', 'gray', '', false, NULL, NULL, false, 100, NULL, 23.00, 'active', NULL, NULL, NOW(), NOW()),
(6, 14, NULL, 'standard', 'gray', '', false, NULL, NULL, false, 100, NULL, 40.00, 'active', NULL, NULL, NOW(), NOW()),
(6, 24, NULL, 'standard', 'gray', '', false, NULL, NULL, false, 100, NULL, 33.00, 'active', NULL, NULL, NOW(), NOW()),
(6, 25, NULL, 'standard', 'gray', '', false, NULL, NULL, false, 100, NULL, 27.00, 'active', NULL, NULL, NOW(), NOW()),
(6, 16, NULL, 'standard', 'gray', '', false, NULL, NULL, false, 100, NULL, 41.00, 'active', NULL, NULL, NOW(), NOW()),
(6, 6, NULL, 'standard', 'gray', '', false, NULL, NULL, false, 100, NULL, 15.00, 'active', NULL, NULL, NOW(), NOW()),
(6, 1, NULL, 'standard', 'gray', '', false, NULL, NULL, false, 100, NULL, 16.00, 'active', NULL, NULL, NOW(), NOW()),
(6, 26, NULL, 'standard', 'gray', '', false, NULL, NULL, false, 100, NULL, 48.00, 'active', NULL, NULL, NOW(), NOW()),
(7, 12, NULL, 'standard', 'gray', '', false, NULL, NULL, false, 100, NULL, 28.00, 'active', NULL, NULL, NOW(), NOW()),
(7, 2, NULL, 'standard', 'gray', '', false, NULL, NULL, false, 100, NULL, 50.00, 'active', NULL, NULL, NOW(), NOW()),
(7, 10, NULL, 'standard', 'gray', '', false, NULL, NULL, false, 100, NULL, 33.00, 'active', NULL, NULL, NOW(), NOW()),
(7, 16, NULL, 'standard', 'gray', '', false, NULL, NULL, false, 100, NULL, 39.00, 'active', NULL, NULL, NOW(), NOW()),
(7, 25, NULL, 'standard', 'gray', '', false, NULL, NULL, false, 100, NULL, 26.00, 'active', NULL, NULL, NOW(), NOW()),
(7, 19, NULL, 'standard', 'gray', '', false, NULL, NULL, false, 100, NULL, 13.00, 'active', NULL, NULL, NOW(), NOW()),
(7, 7, NULL, 'standard', 'gray', '', false, NULL, NULL, false, 100, NULL, 20.00, 'active', NULL, NULL, NOW(), NOW()),
(8, 25, NULL, 'standard', 'gray', '', false, NULL, NULL, false, 100, NULL, 19.00, 'active', NULL, NULL, NOW(), NOW()),
(8, 13, NULL, 'standard', 'gray', '', false, NULL, NULL, false, 100, NULL, 35.00, 'active', NULL, NULL, NOW(), NOW()),
(8, 8, NULL, 'standard', 'gray', '', false, NULL, NULL, false, 100, NULL, 14.00, 'active', NULL, NULL, NOW(), NOW()),
(8, 14, NULL, 'standard', 'gray', '', false, NULL, NULL, false, 100, NULL, 41.00, 'active', NULL, NULL, NOW(), NOW()),
(9, 9, NULL, 'standard', 'gray', '', false, NULL, NULL, false, 100, NULL, 21.00, 'active', NULL, NULL, NOW(), NOW()),
(9, 7, NULL, 'standard', 'gray', '', false, NULL, NULL, false, 100, NULL, 30.00, 'active', NULL, NULL, NOW(), NOW()),
(10, 14, NULL, 'standard', 'gray', '', false, NULL, NULL, false, 100, NULL, 12.00, 'active', NULL, NULL, NOW(), NOW()),
(10, 9, NULL, 'standard', 'gray', '', false, NULL, NULL, false, 100, NULL, 39.00, 'active', NULL, NULL, NOW(), NOW()),
(10, 16, NULL, 'standard', 'gray', '', false, NULL, NULL, false, 100, NULL, 17.00, 'active', NULL, NULL, NOW(), NOW()),
(10, 19, NULL, 'standard', 'gray', '', false, NULL, NULL, false, 100, NULL, 45.00, 'active', NULL, NULL, NOW(), NOW()),
(10, 23, NULL, 'standard', 'gray', '', false, NULL, NULL, false, 100, NULL, 16.00, 'active', NULL, NULL, NOW(), NOW()),
(10, 20, NULL, 'standard', 'gray', '', false, NULL, NULL, false, 100, NULL, 35.00, 'active', NULL, NULL, NOW(), NOW()),
(10, 24, NULL, 'standard', 'gray', '', false, NULL, NULL, false, 100, NULL, 37.00, 'active', NULL, NULL, NOW(), NOW()),
(11, 2, NULL, 'standard', 'gray', '', false, NULL, NULL, false, 100, NULL, 42.00, 'active', NULL, NULL, NOW(), NOW()),
(11, 17, NULL, 'standard', 'gray', '', false, NULL, NULL, false, 100, NULL, 21.00, 'active', NULL, NULL, NOW(), NOW()),
(11, 19, NULL, 'standard', 'gray', '', false, NULL, NULL, false, 100, NULL, 17.00, 'active', NULL, NULL, NOW(), NOW()),
(11, 20, NULL, 'standard', 'gray', '', false, NULL, NULL, false, 100, NULL, 13.00, 'active', NULL, NULL, NOW(), NOW()),
(11, 18, NULL, 'standard', 'gray', '', false, NULL, NULL, false, 100, NULL, 13.00, 'active', NULL, NULL, NOW(), NOW()),
(11, 11, NULL, 'standard', 'gray', '', false, NULL, NULL, false, 100, NULL, 49.00, 'active', NULL, NULL, NOW(), NOW()),
(11, 6, NULL, 'standard', 'gray', '', false, NULL, NULL, false, 100, NULL, 46.00, 'active', NULL, NULL, NOW(), NOW()),
(11, 21, NULL, 'standard', 'gray', '', false, NULL, NULL, false, 100, NULL, 40.00, 'active', NULL, NULL, NOW(), NOW()),
(11, 12, NULL, 'standard', 'gray', '', false, NULL, NULL, false, 100, NULL, 21.00, 'active', NULL, NULL, NOW(), NOW()),
(11, 22, NULL, 'standard', 'gray', '', false, NULL, NULL, false, 100, NULL, 36.00, 'active', NULL, NULL, NOW(), NOW()),
(12, 13, NULL, 'standard', 'gray', '', false, NULL, NULL, false, 100, NULL, 42.00, 'active', NULL, NULL, NOW(), NOW()),
(12, 6, NULL, 'standard', 'gray', '', false, NULL, NULL, false, 100, NULL, 16.00, 'active', NULL, NULL, NOW(), NOW()),
(12, 21, NULL, 'standard', 'gray', '', false, NULL, NULL, false, 100, NULL, 39.00, 'active', NULL, NULL, NOW(), NOW()),
(12, 15, NULL, 'standard', 'gray', '', false, NULL, NULL, false, 100, NULL, 25.00, 'active', NULL, NULL, NOW(), NOW()),
(12, 25, NULL, 'standard', 'gray', '', false, NULL, NULL, false, 100, NULL, 43.00, 'active', NULL, NULL, NOW(), NOW()),
(12, 22, NULL, 'standard', 'gray', '', false, NULL, NULL, false, 100, NULL, 11.00, 'active', NULL, NULL, NOW(), NOW()),
(12, 7, NULL, 'standard', 'gray', '', false, NULL, NULL, false, 100, NULL, 47.00, 'active', NULL, NULL, NOW(), NOW()),
(12, 26, NULL, 'standard', 'gray', '', false, NULL, NULL, false, 100, NULL, 43.00, 'active', NULL, NULL, NOW(), NOW()),
(12, 24, NULL, 'standard', 'gray', '', false, NULL, NULL, false, 100, NULL, 37.00, 'active', NULL, NULL, NOW(), NOW()),
(13, 8, NULL, 'standard', 'gray', '', false, NULL, NULL, false, 100, NULL, 34.00, 'active', NULL, NULL, NOW(), NOW()),
(13, 15, NULL, 'standard', 'gray', '', false, NULL, NULL, false, 100, NULL, 38.00, 'active', NULL, NULL, NOW(), NOW()),
(13, 22, NULL, 'standard', 'gray', '', false, NULL, NULL, false, 100, NULL, 13.00, 'active', NULL, NULL, NOW(), NOW()),
(13, 18, NULL, 'standard', 'gray', '', false, NULL, NULL, false, 100, NULL, 27.00, 'active', NULL, NULL, NOW(), NOW()),
(13, 9, NULL, 'standard', 'gray', '', false, NULL, NULL, false, 100, NULL, 28.00, 'active', NULL, NULL, NOW(), NOW()),
(13, 3, NULL, 'standard', 'gray', '', false, NULL, NULL, false, 100, NULL, 14.00, 'active', NULL, NULL, NOW(), NOW()),
(13, 21, NULL, 'standard', 'gray', '', false, NULL, NULL, false, 100, NULL, 14.00, 'active', NULL, NULL, NOW(), NOW()),
(14, 24, NULL, 'standard', 'gray', '', false, NULL, NULL, false, 100, NULL, 50.00, 'active', NULL, NULL, NOW(), NOW()),
(14, 26, NULL, 'standard', 'gray', '', false, NULL, NULL, false, 100, NULL, 15.00, 'active', NULL, NULL, NOW(), NOW()),
(14, 15, NULL, 'standard', 'gray', '', false, NULL, NULL, false, 100, NULL, 13.00, 'active', NULL, NULL, NOW(), NOW()),
(14, 7, NULL, 'standard', 'gray', '', false, NULL, NULL, false, 100, NULL, 19.00, 'active', NULL, NULL, NOW(), NOW()),
(14, 17, NULL, 'standard', 'gray', '', false, NULL, NULL, false, 100, NULL, 42.00, 'active', NULL, NULL, NOW(), NOW()),
(14, 14, NULL, 'standard', 'gray', '', false, NULL, NULL, false, 100, NULL, 37.00, 'active', NULL, NULL, NOW(), NOW()),
(14, 10, NULL, 'standard', 'gray', '', false, NULL, NULL, false, 100, NULL, 14.00, 'active', NULL, NULL, NOW(), NOW()),
(14, 19, NULL, 'standard', 'gray', '', false, NULL, NULL, false, 100, NULL, 45.00, 'active', NULL, NULL, NOW(), NOW()),
(14, 3, NULL, 'standard', 'gray', '', false, NULL, NULL, false, 100, NULL, 12.00, 'active', NULL, NULL, NOW(), NOW()),
(14, 9, NULL, 'standard', 'gray', '', false, NULL, NULL, false, 100, NULL, 32.00, 'active', NULL, NULL, NOW(), NOW()),
(15, 3, NULL, 'standard', 'gray', '', false, NULL, NULL, false, 100, NULL, 32.00, 'active', NULL, NULL, NOW(), NOW()),
(15, 7, NULL, 'standard', 'gray', '', false, NULL, NULL, false, 100, NULL, 12.00, 'active', NULL, NULL, NOW(), NOW()),
(15, 16, NULL, 'standard', 'gray', '', false, NULL, NULL, false, 100, NULL, 14.00, 'active', NULL, NULL, NOW(), NOW()),
(15, 19, NULL, 'standard', 'gray', '', false, NULL, NULL, false, 100, NULL, 47.00, 'active', NULL, NULL, NOW(), NOW()),
(15, 9, NULL, 'standard', 'gray', '', false, NULL, NULL, false, 100, NULL, 38.00, 'active', NULL, NULL, NOW(), NOW()),
(15, 23, NULL, 'standard', 'gray', '', false, NULL, NULL, false, 100, NULL, 49.00, 'active', NULL, NULL, NOW(), NOW()),
(16, 19, NULL, 'standard', 'gray', '', false, NULL, NULL, false, 100, NULL, 21.00, 'active', NULL, NULL, NOW(), NOW()),
(16, 12, NULL, 'standard', 'gray', '', false, NULL, NULL, false, 100, NULL, 48.00, 'active', NULL, NULL, NOW(), NOW()),
(16, 16, NULL, 'standard', 'gray', '', false, NULL, NULL, false, 100, NULL, 44.00, 'active', NULL, NULL, NOW(), NOW()),
(16, 24, NULL, 'standard', 'gray', '', false, NULL, NULL, false, 100, NULL, 32.00, 'active', NULL, NULL, NOW(), NOW()),
(16, 3, NULL, 'standard', 'gray', '', false, NULL, NULL, false, 100, NULL, 45.00, 'active', NULL, NULL, NOW(), NOW()),
(16, 4, NULL, 'standard', 'gray', '', false, NULL, NULL, false, 100, NULL, 26.00, 'active', NULL, NULL, NOW(), NOW()),
(16, 7, NULL, 'standard', 'gray', '', false, NULL, NULL, false, 100, NULL, 19.00, 'active', NULL, NULL, NOW(), NOW()),
(17, 5, NULL, 'standard', 'gray', '', false, NULL, NULL, false, 100, NULL, 27.00, 'active', NULL, NULL, NOW(), NOW()),
(18, 26, NULL, 'standard', 'gray', '', false, NULL, NULL, false, 100, NULL, 13.00, 'active', NULL, NULL, NOW(), NOW()),
(18, 22, NULL, 'standard', 'gray', '', false, NULL, NULL, false, 100, NULL, 28.00, 'active', NULL, NULL, NOW(), NOW()),
(18, 11, NULL, 'standard', 'gray', '', false, NULL, NULL, false, 100, NULL, 12.00, 'active', NULL, NULL, NOW(), NOW()),
(18, 21, NULL, 'standard', 'gray', '', false, NULL, NULL, false, 100, NULL, 31.00, 'active', NULL, NULL, NOW(), NOW()),
(18, 14, NULL, 'standard', 'gray', '', false, NULL, NULL, false, 100, NULL, 32.00, 'active', NULL, NULL, NOW(), NOW()),
(19, 22, NULL, 'standard', 'gray', '', false, NULL, NULL, false, 100, NULL, 24.00, 'active', NULL, NULL, NOW(), NOW()),
(19, 8, NULL, 'standard', 'gray', '', false, NULL, NULL, false, 100, NULL, 17.00, 'active', NULL, NULL, NOW(), NOW()),
(19, 9, NULL, 'standard', 'gray', '', false, NULL, NULL, false, 100, NULL, 33.00, 'active', NULL, NULL, NOW(), NOW()),
(19, 21, NULL, 'standard', 'gray', '', false, NULL, NULL, false, 100, NULL, 49.00, 'active', NULL, NULL, NOW(), NOW()),
(19, 23, NULL, 'standard', 'gray', '', false, NULL, NULL, false, 100, NULL, 35.00, 'active', NULL, NULL, NOW(), NOW()),
(19, 15, NULL, 'standard', 'gray', '', false, NULL, NULL, false, 100, NULL, 13.00, 'active', NULL, NULL, NOW(), NOW()),
(19, 12, NULL, 'standard', 'gray', '', false, NULL, NULL, false, 100, NULL, 43.00, 'active', NULL, NULL, NOW(), NOW()),
(21, 25, NULL, 'standard', 'gray', '', false, NULL, NULL, false, 100, NULL, 29.00, 'active', NULL, NULL, NOW(), NOW()),
(21, 20, NULL, 'standard', 'gray', '', false, NULL, NULL, false, 100, NULL, 32.00, 'active', NULL, NULL, NOW(), NOW()),
(22, 14, NULL, 'standard', 'gray', '', false, NULL, NULL, false, 100, NULL, 42.00, 'active', NULL, NULL, NOW(), NOW()),
(22, 1, NULL, 'standard', 'gray', '', false, NULL, NULL, false, 100, NULL, 26.00, 'active', NULL, NULL, NOW(), NOW()),
(22, 22, NULL, 'standard', 'gray', '', false, NULL, NULL, false, 100, NULL, 46.00, 'active', NULL, NULL, NOW(), NOW()),
(22, 5, NULL, 'standard', 'gray', '', false, NULL, NULL, false, 100, NULL, 32.00, 'active', NULL, NULL, NOW(), NOW()),
(22, 25, NULL, 'standard', 'gray', '', false, NULL, NULL, false, 100, NULL, 47.00, 'active', NULL, NULL, NOW(), NOW()),
(22, 18, NULL, 'standard', 'gray', '', false, NULL, NULL, false, 100, NULL, 47.00, 'active', NULL, NULL, NOW(), NOW()),
(22, 11, NULL, 'standard', 'gray', '', false, NULL, NULL, false, 100, NULL, 17.00, 'active', NULL, NULL, NOW(), NOW()),
(22, 4, NULL, 'standard', 'gray', '', false, NULL, NULL, false, 100, NULL, 42.00, 'active', NULL, NULL, NOW(), NOW()),
(22, 16, NULL, 'standard', 'gray', '', false, NULL, NULL, false, 100, NULL, 22.00, 'active', NULL, NULL, NOW(), NOW()),
(22, 7, NULL, 'standard', 'gray', '', false, NULL, NULL, false, 100, NULL, 38.00, 'active', NULL, NULL, NOW(), NOW()),
(23, 20, NULL, 'standard', 'gray', '', false, NULL, NULL, false, 100, NULL, 21.00, 'active', NULL, NULL, NOW(), NOW()),
(23, 3, NULL, 'standard', 'gray', '', false, NULL, NULL, false, 100, NULL, 25.00, 'active', NULL, NULL, NOW(), NOW()),
(23, 19, NULL, 'standard', 'gray', '', false, NULL, NULL, false, 100, NULL, 35.00, 'active', NULL, NULL, NOW(), NOW()),
(23, 16, NULL, 'standard', 'gray', '', false, NULL, NULL, false, 100, NULL, 10.00, 'active', NULL, NULL, NOW(), NOW()),
(23, 25, NULL, 'standard', 'gray', '', false, NULL, NULL, false, 100, NULL, 46.00, 'active', NULL, NULL, NOW(), NOW()),
(23, 13, NULL, 'standard', 'gray', '', false, NULL, NULL, false, 100, NULL, 49.00, 'active', NULL, NULL, NOW(), NOW()),
(23, 14, NULL, 'standard', 'gray', '', false, NULL, NULL, false, 100, NULL, 23.00, 'active', NULL, NULL, NOW(), NOW()),
(23, 23, NULL, 'standard', 'gray', '', false, NULL, NULL, false, 100, NULL, 27.00, 'active', NULL, NULL, NOW(), NOW()),
(23, 6, NULL, 'standard', 'gray', '', false, NULL, NULL, false, 100, NULL, 39.00, 'active', NULL, NULL, NOW(), NOW()),
(24, 22, NULL, 'standard', 'gray', '', false, NULL, NULL, false, 100, NULL, 15.00, 'active', NULL, NULL, NOW(), NOW()),
(24, 21, NULL, 'standard', 'gray', '', false, NULL, NULL, false, 100, NULL, 32.00, 'active', NULL, NULL, NOW(), NOW()),
(24, 26, NULL, 'standard', 'gray', '', false, NULL, NULL, false, 100, NULL, 11.00, 'active', NULL, NULL, NOW(), NOW()),
(24, 4, NULL, 'standard', 'gray', '', false, NULL, NULL, false, 100, NULL, 19.00, 'active', NULL, NULL, NOW(), NOW()),
(24, 18, NULL, 'standard', 'gray', '', false, NULL, NULL, false, 100, NULL, 27.00, 'active', NULL, NULL, NOW(), NOW()),
(24, 3, NULL, 'standard', 'gray', '', false, NULL, NULL, false, 100, NULL, 49.00, 'active', NULL, NULL, NOW(), NOW()),
(24, 10, NULL, 'standard', 'gray', '', false, NULL, NULL, false, 100, NULL, 15.00, 'active', NULL, NULL, NOW(), NOW()),
(24, 16, NULL, 'standard', 'gray', '', false, NULL, NULL, false, 100, NULL, 14.00, 'active', NULL, NULL, NOW(), NOW()),
(24, 17, NULL, 'standard', 'gray', '', false, NULL, NULL, false, 100, NULL, 40.00, 'active', NULL, NULL, NOW(), NOW()),
(25, 14, NULL, 'standard', 'gray', '', false, NULL, NULL, false, 100, NULL, 46.00, 'active', NULL, NULL, NOW(), NOW()),
(25, 23, NULL, 'standard', 'gray', '', false, NULL, NULL, false, 100, NULL, 15.00, 'active', NULL, NULL, NOW(), NOW()),
(25, 8, NULL, 'standard', 'gray', '', false, NULL, NULL, false, 100, NULL, 50.00, 'active', NULL, NULL, NOW(), NOW()),
(25, 4, NULL, 'standard', 'gray', '', false, NULL, NULL, false, 100, NULL, 31.00, 'active', NULL, NULL, NOW(), NOW()),
(25, 15, NULL, 'standard', 'gray', '', false, NULL, NULL, false, 100, NULL, 22.00, 'active', NULL, NULL, NOW(), NOW()),
(25, 18, NULL, 'standard', 'gray', '', false, NULL, NULL, false, 100, NULL, 24.00, 'active', NULL, NULL, NOW(), NOW()),
(25, 11, NULL, 'standard', 'gray', '', false, NULL, NULL, false, 100, NULL, 10.00, 'active', NULL, NULL, NOW(), NOW()),
(26, 17, NULL, 'standard', 'gray', '', false, NULL, NULL, false, 100, NULL, 30.00, 'active', NULL, NULL, NOW(), NOW()),
(26, 11, NULL, 'standard', 'gray', '', false, NULL, NULL, false, 100, NULL, 48.00, 'active', NULL, NULL, NOW(), NOW()),
(26, 20, NULL, 'standard', 'gray', '', false, NULL, NULL, false, 100, NULL, 16.00, 'active', NULL, NULL, NOW(), NOW()),
(26, 14, NULL, 'standard', 'gray', '', false, NULL, NULL, false, 100, NULL, 26.00, 'active', NULL, NULL, NOW(), NOW()),
(27, 23, NULL, 'standard', 'gray', '', false, NULL, NULL, false, 100, NULL, 42.00, 'active', NULL, NULL, NOW(), NOW()),
(27, 1, NULL, 'standard', 'gray', '', false, NULL, NULL, false, 100, NULL, 15.00, 'active', NULL, NULL, NOW(), NOW()),
(27, 2, NULL, 'standard', 'gray', '', false, NULL, NULL, false, 100, NULL, 21.00, 'active', NULL, NULL, NOW(), NOW()),
(27, 16, NULL, 'standard', 'gray', '', false, NULL, NULL, false, 100, NULL, 11.00, 'active', NULL, NULL, NOW(), NOW()),
(27, 15, NULL, 'standard', 'gray', '', false, NULL, NULL, false, 100, NULL, 45.00, 'active', NULL, NULL, NOW(), NOW()),
(27, 12, NULL, 'standard', 'gray', '', false, NULL, NULL, false, 100, NULL, 10.00, 'active', NULL, NULL, NOW(), NOW()),
(27, 24, NULL, 'standard', 'gray', '', false, NULL, NULL, false, 100, NULL, 29.00, 'active', NULL, NULL, NOW(), NOW()),
(28, 9, NULL, 'standard', 'gray', '', false, NULL, NULL, false, 100, NULL, 16.00, 'active', NULL, NULL, NOW(), NOW()),
(28, 14, NULL, 'standard', 'gray', '', false, NULL, NULL, false, 100, NULL, 46.00, 'active', NULL, NULL, NOW(), NOW()),
(29, 9, NULL, 'standard', 'gray', '', false, NULL, NULL, false, 100, NULL, 21.00, 'active', NULL, NULL, NOW(), NOW()),
(29, 13, NULL, 'standard', 'gray', '', false, NULL, NULL, false, 100, NULL, 34.00, 'active', NULL, NULL, NOW(), NOW()),
(30, 5, NULL, 'standard', 'gray', '', false, NULL, NULL, false, 100, NULL, 36.00, 'active', NULL, NULL, NOW(), NOW()),
(30, 23, NULL, 'standard', 'gray', '', false, NULL, NULL, false, 100, NULL, 28.00, 'active', NULL, NULL, NOW(), NOW()),
(30, 2, NULL, 'standard', 'gray', '', false, NULL, NULL, false, 100, NULL, 36.00, 'active', NULL, NULL, NOW(), NOW()),
(30, 21, NULL, 'standard', 'gray', '', false, NULL, NULL, false, 100, NULL, 20.00, 'active', NULL, NULL, NOW(), NOW()),
(31, 17, NULL, 'standard', 'gray', '', false, NULL, NULL, false, 100, NULL, 41.00, 'active', NULL, NULL, NOW(), NOW()),
(31, 10, NULL, 'standard', 'gray', '', false, NULL, NULL, false, 100, NULL, 15.00, 'active', NULL, NULL, NOW(), NOW()),
(31, 2, NULL, 'standard', 'gray', '', false, NULL, NULL, false, 100, NULL, 32.00, 'active', NULL, NULL, NOW(), NOW()),
(33, 21, NULL, 'standard', 'gray', '', false, NULL, NULL, false, 100, NULL, 17.00, 'active', NULL, NULL, NOW(), NOW()),
(33, 15, NULL, 'standard', 'gray', '', false, NULL, NULL, false, 100, NULL, 35.00, 'active', NULL, NULL, NOW(), NOW()),
(33, 11, NULL, 'standard', 'gray', '', false, NULL, NULL, false, 100, NULL, 37.00, 'active', NULL, NULL, NOW(), NOW()),
(33, 19, NULL, 'standard', 'gray', '', false, NULL, NULL, false, 100, NULL, 40.00, 'active', NULL, NULL, NOW(), NOW()),
(33, 7, NULL, 'standard', 'gray', '', false, NULL, NULL, false, 100, NULL, 47.00, 'active', NULL, NULL, NOW(), NOW()),
(33, 22, NULL, 'standard', 'gray', '', false, NULL, NULL, false, 100, NULL, 25.00, 'active', NULL, NULL, NOW(), NOW()),
(33, 25, NULL, 'standard', 'gray', '', false, NULL, NULL, false, 100, NULL, 16.00, 'active', NULL, NULL, NOW(), NOW()),
(33, 14, NULL, 'standard', 'gray', '', false, NULL, NULL, false, 100, NULL, 33.00, 'active', NULL, NULL, NOW(), NOW()),
(36, 5, NULL, 'standard', 'gray', '', false, NULL, NULL, false, 100, NULL, 29.00, 'active', NULL, NULL, NOW(), NOW()),
(36, 9, NULL, 'standard', 'gray', '', false, NULL, NULL, false, 100, NULL, 16.00, 'active', NULL, NULL, NOW(), NOW()),
(36, 17, NULL, 'standard', 'gray', '', false, NULL, NULL, false, 100, NULL, 38.00, 'active', NULL, NULL, NOW(), NOW()),
(36, 18, NULL, 'standard', 'gray', '', false, NULL, NULL, false, 100, NULL, 32.00, 'active', NULL, NULL, NOW(), NOW()),
(36, 23, NULL, 'standard', 'gray', '', false, NULL, NULL, false, 100, NULL, 21.00, 'active', NULL, NULL, NOW(), NOW()),
(37, 12, NULL, 'standard', 'gray', '', false, NULL, NULL, false, 100, NULL, 23.00, 'active', NULL, NULL, NOW(), NOW()),
(37, 15, NULL, 'standard', 'gray', '', false, NULL, NULL, false, 100, NULL, 40.00, 'active', NULL, NULL, NOW(), NOW()),
(37, 11, NULL, 'standard', 'gray', '', false, NULL, NULL, false, 100, NULL, 26.00, 'active', NULL, NULL, NOW(), NOW()),
(37, 2, NULL, 'standard', 'gray', '', false, NULL, NULL, false, 100, NULL, 26.00, 'active', NULL, NULL, NOW(), NOW()),
(37, 1, NULL, 'standard', 'gray', '', false, NULL, NULL, false, 100, NULL, 47.00, 'active', NULL, NULL, NOW(), NOW()),
(37, 17, NULL, 'standard', 'gray', '', false, NULL, NULL, false, 100, NULL, 32.00, 'active', NULL, NULL, NOW(), NOW()),
(37, 14, NULL, 'standard', 'gray', '', false, NULL, NULL, false, 100, NULL, 43.00, 'active', NULL, NULL, NOW(), NOW()),
(37, 22, NULL, 'standard', 'gray', '', false, NULL, NULL, false, 100, NULL, 19.00, 'active', NULL, NULL, NOW(), NOW()),
(38, 6, NULL, 'standard', 'gray', '', false, NULL, NULL, false, 100, NULL, 12.00, 'active', NULL, NULL, NOW(), NOW()),
(38, 14, NULL, 'standard', 'gray', '', false, NULL, NULL, false, 100, NULL, 20.00, 'active', NULL, NULL, NOW(), NOW()),
(38, 13, NULL, 'standard', 'gray', '', false, NULL, NULL, false, 100, NULL, 25.00, 'active', NULL, NULL, NOW(), NOW()),
(38, 18, NULL, 'standard', 'gray', '', false, NULL, NULL, false, 100, NULL, 34.00, 'active', NULL, NULL, NOW(), NOW()),
(38, 8, NULL, 'standard', 'gray', '', false, NULL, NULL, false, 100, NULL, 36.00, 'active', NULL, NULL, NOW(), NOW()),
(38, 1, NULL, 'standard', 'gray', '', false, NULL, NULL, false, 100, NULL, 39.00, 'active', NULL, NULL, NOW(), NOW()),
(38, 26, NULL, 'standard', 'gray', '', false, NULL, NULL, false, 100, NULL, 38.00, 'active', NULL, NULL, NOW(), NOW()),
(38, 22, NULL, 'standard', 'gray', '', false, NULL, NULL, false, 100, NULL, 41.00, 'active', NULL, NULL, NOW(), NOW()),
(38, 11, NULL, 'standard', 'gray', '', false, NULL, NULL, false, 100, NULL, 22.00, 'active', NULL, NULL, NOW(), NOW()),
(38, 23, NULL, 'standard', 'gray', '', false, NULL, NULL, false, 100, NULL, 35.00, 'active', NULL, NULL, NOW(), NOW()),
(39, 23, NULL, 'standard', 'gray', '', false, NULL, NULL, false, 100, NULL, 12.00, 'active', NULL, NULL, NOW(), NOW()),
(39, 26, NULL, 'standard', 'gray', '', false, NULL, NULL, false, 100, NULL, 41.00, 'active', NULL, NULL, NOW(), NOW()),
(39, 16, NULL, 'standard', 'gray', '', false, NULL, NULL, false, 100, NULL, 12.00, 'active', NULL, NULL, NOW(), NOW()),
(40, 8, NULL, 'standard', 'gray', '', false, NULL, NULL, false, 100, NULL, 43.00, 'active', NULL, NULL, NOW(), NOW()),
(40, 1, NULL, 'standard', 'gray', '', false, NULL, NULL, false, 100, NULL, 21.00, 'active', NULL, NULL, NOW(), NOW()),
(41, 24, NULL, 'standard', 'gray', '', false, NULL, NULL, false, 100, NULL, 30.00, 'active', NULL, NULL, NOW(), NOW()),
(41, 1, NULL, 'standard', 'gray', '', false, NULL, NULL, false, 100, NULL, 10.00, 'active', NULL, NULL, NOW(), NOW()),
(41, 12, NULL, 'standard', 'gray', '', false, NULL, NULL, false, 100, NULL, 46.00, 'active', NULL, NULL, NOW(), NOW()),
(41, 3, NULL, 'standard', 'gray', '', false, NULL, NULL, false, 100, NULL, 50.00, 'active', NULL, NULL, NOW(), NOW()),
(41, 17, NULL, 'standard', 'gray', '', false, NULL, NULL, false, 100, NULL, 47.00, 'active', NULL, NULL, NOW(), NOW()),
(41, 23, NULL, 'standard', 'gray', '', false, NULL, NULL, false, 100, NULL, 21.00, 'active', NULL, NULL, NOW(), NOW()),
(41, 6, NULL, 'standard', 'gray', '', false, NULL, NULL, false, 100, NULL, 47.00, 'active', NULL, NULL, NOW(), NOW()),
(41, 22, NULL, 'standard', 'gray', '', false, NULL, NULL, false, 100, NULL, 30.00, 'active', NULL, NULL, NOW(), NOW()),
(41, 9, NULL, 'standard', 'gray', '', false, NULL, NULL, false, 100, NULL, 13.00, 'active', NULL, NULL, NOW(), NOW()),
(41, 7, NULL, 'standard', 'gray', '', false, NULL, NULL, false, 100, NULL, 27.00, 'active', NULL, NULL, NOW(), NOW()),
(42, 9, NULL, 'standard', 'gray', '', false, NULL, NULL, false, 100, NULL, 40.00, 'active', NULL, NULL, NOW(), NOW()),
(42, 13, NULL, 'standard', 'gray', '', false, NULL, NULL, false, 100, NULL, 23.00, 'active', NULL, NULL, NOW(), NOW()),
(42, 4, NULL, 'standard', 'gray', '', false, NULL, NULL, false, 100, NULL, 19.00, 'active', NULL, NULL, NOW(), NOW()),
(42, 2, NULL, 'standard', 'gray', '', false, NULL, NULL, false, 100, NULL, 23.00, 'active', NULL, NULL, NOW(), NOW()),
(42, 10, NULL, 'standard', 'gray', '', false, NULL, NULL, false, 100, NULL, 42.00, 'active', NULL, NULL, NOW(), NOW()),
(42, 7, NULL, 'standard', 'gray', '', false, NULL, NULL, false, 100, NULL, 31.00, 'active', NULL, NULL, NOW(), NOW()),
(42, 11, NULL, 'standard', 'gray', '', false, NULL, NULL, false, 100, NULL, 28.00, 'active', NULL, NULL, NOW(), NOW()),
(42, 22, NULL, 'standard', 'gray', '', false, NULL, NULL, false, 100, NULL, 29.00, 'active', NULL, NULL, NOW(), NOW()),
(43, 6, NULL, 'standard', 'gray', '', false, NULL, NULL, false, 100, NULL, 32.00, 'active', NULL, NULL, NOW(), NOW()),
(43, 23, NULL, 'standard', 'gray', '', false, NULL, NULL, false, 100, NULL, 37.00, 'active', NULL, NULL, NOW(), NOW()),
(43, 2, NULL, 'standard', 'gray', '', false, NULL, NULL, false, 100, NULL, 37.00, 'active', NULL, NULL, NOW(), NOW()),
(43, 4, NULL, 'standard', 'gray', '', false, NULL, NULL, false, 100, NULL, 11.00, 'active', NULL, NULL, NOW(), NOW()),
(43, 11, NULL, 'standard', 'gray', '', false, NULL, NULL, false, 100, NULL, 42.00, 'active', NULL, NULL, NOW(), NOW()),
(44, 12, NULL, 'standard', 'gray', '', false, NULL, NULL, false, 100, NULL, 22.00, 'active', NULL, NULL, NOW(), NOW()),
(44, 20, NULL, 'standard', 'gray', '', false, NULL, NULL, false, 100, NULL, 47.00, 'active', NULL, NULL, NOW(), NOW()),
(44, 10, NULL, 'standard', 'gray', '', false, NULL, NULL, false, 100, NULL, 36.00, 'active', NULL, NULL, NOW(), NOW()),
(44, 25, NULL, 'standard', 'gray', '', false, NULL, NULL, false, 100, NULL, 35.00, 'active', NULL, NULL, NOW(), NOW()),
(44, 21, NULL, 'standard', 'gray', '', false, NULL, NULL, false, 100, NULL, 43.00, 'active', NULL, NULL, NOW(), NOW()),
(44, 9, NULL, 'standard', 'gray', '', false, NULL, NULL, false, 100, NULL, 17.00, 'active', NULL, NULL, NOW(), NOW()),
(44, 24, NULL, 'standard', 'gray', '', false, NULL, NULL, false, 100, NULL, 33.00, 'active', NULL, NULL, NOW(), NOW()),
(44, 23, NULL, 'standard', 'gray', '', false, NULL, NULL, false, 100, NULL, 21.00, 'active', NULL, NULL, NOW(), NOW()),
(45, 15, NULL, 'standard', 'gray', '', false, NULL, NULL, false, 100, NULL, 18.00, 'active', NULL, NULL, NOW(), NOW()),
(46, 23, NULL, 'standard', 'gray', '', false, NULL, NULL, false, 100, NULL, 39.00, 'active', NULL, NULL, NOW(), NOW()),
(46, 8, NULL, 'standard', 'gray', '', false, NULL, NULL, false, 100, NULL, 34.00, 'active', NULL, NULL, NOW(), NOW()),
(46, 2, NULL, 'standard', 'gray', '', false, NULL, NULL, false, 100, NULL, 24.00, 'active', NULL, NULL, NOW(), NOW()),
(46, 6, NULL, 'standard', 'gray', '', false, NULL, NULL, false, 100, NULL, 45.00, 'active', NULL, NULL, NOW(), NOW()),
(46, 15, NULL, 'standard', 'gray', '', false, NULL, NULL, false, 100, NULL, 42.00, 'active', NULL, NULL, NOW(), NOW()),
(49, 3, NULL, 'standard', 'gray', '', false, NULL, NULL, false, 100, NULL, 10.00, 'active', NULL, NULL, NOW(), NOW()),
(49, 23, NULL, 'standard', 'gray', '', false, NULL, NULL, false, 100, NULL, 13.00, 'active', NULL, NULL, NOW(), NOW()),
(49, 21, NULL, 'standard', 'gray', '', false, NULL, NULL, false, 100, NULL, 36.00, 'active', NULL, NULL, NOW(), NOW()),
(49, 16, NULL, 'standard', 'gray', '', false, NULL, NULL, false, 100, NULL, 23.00, 'active', NULL, NULL, NOW(), NOW()),
(49, 8, NULL, 'standard', 'gray', '', false, NULL, NULL, false, 100, NULL, 31.00, 'active', NULL, NULL, NOW(), NOW()),
(49, 24, NULL, 'standard', 'gray', '', false, NULL, NULL, false, 100, NULL, 27.00, 'active', NULL, NULL, NOW(), NOW()),
(49, 17, NULL, 'standard', 'gray', '', false, NULL, NULL, false, 100, NULL, 21.00, 'active', NULL, NULL, NOW(), NOW()),
(50, 26, NULL, 'standard', 'gray', '', false, NULL, NULL, false, 100, NULL, 11.00, 'active', NULL, NULL, NOW(), NOW()),
(50, 11, NULL, 'standard', 'gray', '', false, NULL, NULL, false, 100, NULL, 23.00, 'active', NULL, NULL, NOW(), NOW()),
(50, 17, NULL, 'standard', 'gray', '', false, NULL, NULL, false, 100, NULL, 33.00, 'active', NULL, NULL, NOW(), NOW()),
(50, 24, NULL, 'standard', 'gray', '', false, NULL, NULL, false, 100, NULL, 33.00, 'active', NULL, NULL, NOW(), NOW()),
(50, 1, NULL, 'standard', 'gray', '', false, NULL, NULL, false, 100, NULL, 44.00, 'active', NULL, NULL, NOW(), NOW()),
(50, 6, NULL, 'standard', 'gray', '', false, NULL, NULL, false, 100, NULL, 38.00, 'active', NULL, NULL, NOW(), NOW()),
(50, 7, NULL, 'standard', 'gray', '', false, NULL, NULL, false, 100, NULL, 12.00, 'active', NULL, NULL, NOW(), NOW()),
(50, 22, NULL, 'standard', 'gray', '', false, NULL, NULL, false, 100, NULL, 43.00, 'active', NULL, NULL, NOW(), NOW()),
(50, 3, NULL, 'standard', 'gray', '', false, NULL, NULL, false, 100, NULL, 37.00, 'active', NULL, NULL, NOW(), NOW()),
(50, 19, NULL, 'standard', 'gray', '', false, NULL, NULL, false, 100, NULL, 38.00, 'active', NULL, NULL, NOW(), NOW()),
(51, 10, NULL, 'standard', 'gray', '', false, NULL, NULL, false, 100, NULL, 49.00, 'active', NULL, NULL, NOW(), NOW()),
(51, 18, NULL, 'standard', 'gray', '', false, NULL, NULL, false, 100, NULL, 16.00, 'active', NULL, NULL, NOW(), NOW()),
(51, 9, NULL, 'standard', 'gray', '', false, NULL, NULL, false, 100, NULL, 30.00, 'active', NULL, NULL, NOW(), NOW()),
(53, 15, NULL, 'standard', 'gray', '', false, NULL, NULL, false, 100, NULL, 33.00, 'active', NULL, NULL, NOW(), NOW()),
(53, 22, NULL, 'standard', 'gray', '', false, NULL, NULL, false, 100, NULL, 19.00, 'active', NULL, NULL, NOW(), NOW()),
(53, 23, NULL, 'standard', 'gray', '', false, NULL, NULL, false, 100, NULL, 28.00, 'active', NULL, NULL, NOW(), NOW()),
(53, 17, NULL, 'standard', 'gray', '', false, NULL, NULL, false, 100, NULL, 26.00, 'active', NULL, NULL, NOW(), NOW()),
(53, 25, NULL, 'standard', 'gray', '', false, NULL, NULL, false, 100, NULL, 16.00, 'active', NULL, NULL, NOW(), NOW()),
(53, 7, NULL, 'standard', 'gray', '', false, NULL, NULL, false, 100, NULL, 46.00, 'active', NULL, NULL, NOW(), NOW()),
(54, 23, NULL, 'standard', 'gray', '', false, NULL, NULL, false, 100, NULL, 35.00, 'active', NULL, NULL, NOW(), NOW()),
(55, 3, NULL, 'standard', 'gray', '', false, NULL, NULL, false, 100, NULL, 37.00, 'active', NULL, NULL, NOW(), NOW()),
(55, 25, NULL, 'standard', 'gray', '', false, NULL, NULL, false, 100, NULL, 21.00, 'active', NULL, NULL, NOW(), NOW()),
(55, 17, NULL, 'standard', 'gray', '', false, NULL, NULL, false, 100, NULL, 24.00, 'active', NULL, NULL, NOW(), NOW()),
(55, 7, NULL, 'standard', 'gray', '', false, NULL, NULL, false, 100, NULL, 17.00, 'active', NULL, NULL, NOW(), NOW()),
(55, 20, NULL, 'standard', 'gray', '', false, NULL, NULL, false, 100, NULL, 30.00, 'active', NULL, NULL, NOW(), NOW()),
(55, 22, NULL, 'standard', 'gray', '', false, NULL, NULL, false, 100, NULL, 46.00, 'active', NULL, NULL, NOW(), NOW()),
(55, 11, NULL, 'standard', 'gray', '', false, NULL, NULL, false, 100, NULL, 39.00, 'active', NULL, NULL, NOW(), NOW()),
(55, 9, NULL, 'standard', 'gray', '', false, NULL, NULL, false, 100, NULL, 45.00, 'active', NULL, NULL, NOW(), NOW()),
(55, 15, NULL, 'standard', 'gray', '', false, NULL, NULL, false, 100, NULL, 42.00, 'active', NULL, NULL, NOW(), NOW()),
(56, 2, NULL, 'standard', 'gray', '', false, NULL, NULL, false, 100, NULL, 21.00, 'active', NULL, NULL, NOW(), NOW()),
(56, 18, NULL, 'standard', 'gray', '', false, NULL, NULL, false, 100, NULL, 16.00, 'active', NULL, NULL, NOW(), NOW()),
(56, 23, NULL, 'standard', 'gray', '', false, NULL, NULL, false, 100, NULL, 10.00, 'active', NULL, NULL, NOW(), NOW()),
(57, 15, NULL, 'standard', 'gray', '', false, NULL, NULL, false, 100, NULL, 18.00, 'active', NULL, NULL, NOW(), NOW()),
(57, 12, NULL, 'standard', 'gray', '', false, NULL, NULL, false, 100, NULL, 22.00, 'active', NULL, NULL, NOW(), NOW()),
(57, 8, NULL, 'standard', 'gray', '', false, NULL, NULL, false, 100, NULL, 42.00, 'active', NULL, NULL, NOW(), NOW()),
(57, 22, NULL, 'standard', 'gray', '', false, NULL, NULL, false, 100, NULL, 28.00, 'active', NULL, NULL, NOW(), NOW()),
(57, 23, NULL, 'standard', 'gray', '', false, NULL, NULL, false, 100, NULL, 37.00, 'active', NULL, NULL, NOW(), NOW()),
(57, 20, NULL, 'standard', 'gray', '', false, NULL, NULL, false, 100, NULL, 42.00, 'active', NULL, NULL, NOW(), NOW()),
(57, 16, NULL, 'standard', 'gray', '', false, NULL, NULL, false, 100, NULL, 23.00, 'active', NULL, NULL, NOW(), NOW()),
(57, 25, NULL, 'standard', 'gray', '', false, NULL, NULL, false, 100, NULL, 48.00, 'active', NULL, NULL, NOW(), NOW()),
(59, 18, NULL, 'standard', 'gray', '', false, NULL, NULL, false, 100, NULL, 45.00, 'active', NULL, NULL, NOW(), NOW()),
(60, 26, NULL, 'standard', 'gray', '', false, NULL, NULL, false, 100, NULL, 19.00, 'active', NULL, NULL, NOW(), NOW()),
(60, 21, NULL, 'standard', 'gray', '', false, NULL, NULL, false, 100, NULL, 47.00, 'active', NULL, NULL, NOW(), NOW()),
(60, 19, NULL, 'standard', 'gray', '', false, NULL, NULL, false, 100, NULL, 25.00, 'active', NULL, NULL, NOW(), NOW()),
(60, 7, NULL, 'standard', 'gray', '', false, NULL, NULL, false, 100, NULL, 44.00, 'active', NULL, NULL, NOW(), NOW()),
(60, 18, NULL, 'standard', 'gray', '', false, NULL, NULL, false, 100, NULL, 15.00, 'active', NULL, NULL, NOW(), NOW()),
(60, 14, NULL, 'standard', 'gray', '', false, NULL, NULL, false, 100, NULL, 44.00, 'active', NULL, NULL, NOW(), NOW()),
(60, 9, NULL, 'standard', 'gray', '', false, NULL, NULL, false, 100, NULL, 19.00, 'active', NULL, NULL, NOW(), NOW()),
(60, 16, NULL, 'standard', 'gray', '', false, NULL, NULL, false, 100, NULL, 28.00, 'active', NULL, NULL, NOW(), NOW()),
(60, 24, NULL, 'standard', 'gray', '', false, NULL, NULL, false, 100, NULL, 17.00, 'active', NULL, NULL, NOW(), NOW()),
(61, 20, NULL, 'standard', 'gray', '', false, NULL, NULL, false, 100, NULL, 42.00, 'active', NULL, NULL, NOW(), NOW()),
(61, 14, NULL, 'standard', 'gray', '', false, NULL, NULL, false, 100, NULL, 30.00, 'active', NULL, NULL, NOW(), NOW()),
(61, 11, NULL, 'standard', 'gray', '', false, NULL, NULL, false, 100, NULL, 16.00, 'active', NULL, NULL, NOW(), NOW()),
(61, 5, NULL, 'standard', 'gray', '', false, NULL, NULL, false, 100, NULL, 33.00, 'active', NULL, NULL, NOW(), NOW()),
(61, 4, NULL, 'standard', 'gray', '', false, NULL, NULL, false, 100, NULL, 26.00, 'active', NULL, NULL, NOW(), NOW()),
(61, 19, NULL, 'standard', 'gray', '', false, NULL, NULL, false, 100, NULL, 37.00, 'active', NULL, NULL, NOW(), NOW()),
(61, 3, NULL, 'standard', 'gray', '', false, NULL, NULL, false, 100, NULL, 28.00, 'active', NULL, NULL, NOW(), NOW()),
(61, 26, NULL, 'standard', 'gray', '', false, NULL, NULL, false, 100, NULL, 27.00, 'active', NULL, NULL, NOW(), NOW()),
(61, 2, NULL, 'standard', 'gray', '', false, NULL, NULL, false, 100, NULL, 45.00, 'active', NULL, NULL, NOW(), NOW()),
(61, 1, NULL, 'standard', 'gray', '', false, NULL, NULL, false, 100, NULL, 36.00, 'active', NULL, NULL, NOW(), NOW()),
(62, 23, NULL, 'standard', 'gray', '', false, NULL, NULL, false, 100, NULL, 17.00, 'active', NULL, NULL, NOW(), NOW()),
(62, 25, NULL, 'standard', 'gray', '', false, NULL, NULL, false, 100, NULL, 39.00, 'active', NULL, NULL, NOW(), NOW()),
(62, 24, NULL, 'standard', 'gray', '', false, NULL, NULL, false, 100, NULL, 29.00, 'active', NULL, NULL, NOW(), NOW()),
(62, 8, NULL, 'standard', 'gray', '', false, NULL, NULL, false, 100, NULL, 15.00, 'active', NULL, NULL, NOW(), NOW()),
(62, 21, NULL, 'standard', 'gray', '', false, NULL, NULL, false, 100, NULL, 10.00, 'active', NULL, NULL, NOW(), NOW()),
(62, 26, NULL, 'standard', 'gray', '', false, NULL, NULL, false, 100, NULL, 14.00, 'active', NULL, NULL, NOW(), NOW()),
(62, 18, NULL, 'standard', 'gray', '', false, NULL, NULL, false, 100, NULL, 49.00, 'active', NULL, NULL, NOW(), NOW()),
(62, 20, NULL, 'standard', 'gray', '', false, NULL, NULL, false, 100, NULL, 28.00, 'active', NULL, NULL, NOW(), NOW()),
(62, 9, NULL, 'standard', 'gray', '', false, NULL, NULL, false, 100, NULL, 17.00, 'active', NULL, NULL, NOW(), NOW()),
(62, 16, NULL, 'standard', 'gray', '', false, NULL, NULL, false, 100, NULL, 10.00, 'active', NULL, NULL, NOW(), NOW()),
(63, 22, NULL, 'standard', 'gray', '', false, NULL, NULL, false, 100, NULL, 36.00, 'active', NULL, NULL, NOW(), NOW()),
(63, 15, NULL, 'standard', 'gray', '', false, NULL, NULL, false, 100, NULL, 28.00, 'active', NULL, NULL, NOW(), NOW()),
(63, 12, NULL, 'standard', 'gray', '', false, NULL, NULL, false, 100, NULL, 11.00, 'active', NULL, NULL, NOW(), NOW()),
(63, 2, NULL, 'standard', 'gray', '', false, NULL, NULL, false, 100, NULL, 28.00, 'active', NULL, NULL, NOW(), NOW()),
(64, 24, NULL, 'standard', 'gray', '', false, NULL, NULL, false, 100, NULL, 29.00, 'active', NULL, NULL, NOW(), NOW()),
(65, 1, NULL, 'standard', 'gray', '', false, NULL, NULL, false, 100, NULL, 44.00, 'active', NULL, NULL, NOW(), NOW()),
(66, 3, NULL, 'standard', 'gray', '', false, NULL, NULL, false, 100, NULL, 47.00, 'active', NULL, NULL, NOW(), NOW()),
(66, 15, NULL, 'standard', 'gray', '', false, NULL, NULL, false, 100, NULL, 27.00, 'active', NULL, NULL, NOW(), NOW()),
(66, 13, NULL, 'standard', 'gray', '', false, NULL, NULL, false, 100, NULL, 23.00, 'active', NULL, NULL, NOW(), NOW()),
(66, 1, NULL, 'standard', 'gray', '', false, NULL, NULL, false, 100, NULL, 18.00, 'active', NULL, NULL, NOW(), NOW()),
(66, 18, NULL, 'standard', 'gray', '', false, NULL, NULL, false, 100, NULL, 46.00, 'active', NULL, NULL, NOW(), NOW()),
(66, 6, NULL, 'standard', 'gray', '', false, NULL, NULL, false, 100, NULL, 29.00, 'active', NULL, NULL, NOW(), NOW()),
(66, 7, NULL, 'standard', 'gray', '', false, NULL, NULL, false, 100, NULL, 42.00, 'active', NULL, NULL, NOW(), NOW()),
(66, 23, NULL, 'standard', 'gray', '', false, NULL, NULL, false, 100, NULL, 19.00, 'active', NULL, NULL, NOW(), NOW()),
(67, 11, NULL, 'standard', 'gray', '', false, NULL, NULL, false, 100, NULL, 11.00, 'active', NULL, NULL, NOW(), NOW()),
(68, 24, NULL, 'standard', 'gray', '', false, NULL, NULL, false, 100, NULL, 33.00, 'active', NULL, NULL, NOW(), NOW()),
(68, 10, NULL, 'standard', 'gray', '', false, NULL, NULL, false, 100, NULL, 31.00, 'active', NULL, NULL, NOW(), NOW()),
(70, 20, NULL, 'standard', 'gray', '', false, NULL, NULL, false, 100, NULL, 14.00, 'active', NULL, NULL, NOW(), NOW()),
(70, 25, NULL, 'standard', 'gray', '', false, NULL, NULL, false, 100, NULL, 37.00, 'active', NULL, NULL, NOW(), NOW()),
(70, 12, NULL, 'standard', 'gray', '', false, NULL, NULL, false, 100, NULL, 36.00, 'active', NULL, NULL, NOW(), NOW()),
(70, 1, NULL, 'standard', 'gray', '', false, NULL, NULL, false, 100, NULL, 36.00, 'active', NULL, NULL, NOW(), NOW()),
(70, 7, NULL, 'standard', 'gray', '', false, NULL, NULL, false, 100, NULL, 26.00, 'active', NULL, NULL, NOW(), NOW()),
(70, 4, NULL, 'standard', 'gray', '', false, NULL, NULL, false, 100, NULL, 41.00, 'active', NULL, NULL, NOW(), NOW()),
(71, 19, NULL, 'standard', 'gray', '', false, NULL, NULL, false, 100, NULL, 36.00, 'active', NULL, NULL, NOW(), NOW()),
(71, 6, NULL, 'standard', 'gray', '', false, NULL, NULL, false, 100, NULL, 49.00, 'active', NULL, NULL, NOW(), NOW()),
(71, 14, NULL, 'standard', 'gray', '', false, NULL, NULL, false, 100, NULL, 46.00, 'active', NULL, NULL, NOW(), NOW()),
(71, 11, NULL, 'standard', 'gray', '', false, NULL, NULL, false, 100, NULL, 25.00, 'active', NULL, NULL, NOW(), NOW()),
(72, 24, NULL, 'standard', 'gray', '', false, NULL, NULL, false, 100, NULL, 32.00, 'active', NULL, NULL, NOW(), NOW()),
(72, 1, NULL, 'standard', 'gray', '', false, NULL, NULL, false, 100, NULL, 13.00, 'active', NULL, NULL, NOW(), NOW()),
(72, 12, NULL, 'standard', 'gray', '', false, NULL, NULL, false, 100, NULL, 25.00, 'active', NULL, NULL, NOW(), NOW()),
(72, 14, NULL, 'standard', 'gray', '', false, NULL, NULL, false, 100, NULL, 34.00, 'active', NULL, NULL, NOW(), NOW()),
(73, 25, NULL, 'standard', 'gray', '', false, NULL, NULL, false, 100, NULL, 41.00, 'active', NULL, NULL, NOW(), NOW()),
(73, 23, NULL, 'standard', 'gray', '', false, NULL, NULL, false, 100, NULL, 33.00, 'active', NULL, NULL, NOW(), NOW()),
(73, 5, NULL, 'standard', 'gray', '', false, NULL, NULL, false, 100, NULL, 24.00, 'active', NULL, NULL, NOW(), NOW()),
(74, 18, NULL, 'standard', 'gray', '', false, NULL, NULL, false, 100, NULL, 27.00, 'active', NULL, NULL, NOW(), NOW()),
(74, 3, NULL, 'standard', 'gray', '', false, NULL, NULL, false, 100, NULL, 26.00, 'active', NULL, NULL, NOW(), NOW()),
(74, 16, NULL, 'standard', 'gray', '', false, NULL, NULL, false, 100, NULL, 26.00, 'active', NULL, NULL, NOW(), NOW()),
(74, 17, NULL, 'standard', 'gray', '', false, NULL, NULL, false, 100, NULL, 32.00, 'active', NULL, NULL, NOW(), NOW()),
(74, 25, NULL, 'standard', 'gray', '', false, NULL, NULL, false, 100, NULL, 19.00, 'active', NULL, NULL, NOW(), NOW()),
(74, 24, NULL, 'standard', 'gray', '', false, NULL, NULL, false, 100, NULL, 18.00, 'active', NULL, NULL, NOW(), NOW()),
(75, 7, NULL, 'standard', 'gray', '', false, NULL, NULL, false, 100, NULL, 26.00, 'active', NULL, NULL, NOW(), NOW()),
(75, 8, NULL, 'standard', 'gray', '', false, NULL, NULL, false, 100, NULL, 36.00, 'active', NULL, NULL, NOW(), NOW()),
(75, 19, NULL, 'standard', 'gray', '', false, NULL, NULL, false, 100, NULL, 12.00, 'active', NULL, NULL, NOW(), NOW()),
(75, 16, NULL, 'standard', 'gray', '', false, NULL, NULL, false, 100, NULL, 20.00, 'active', NULL, NULL, NOW(), NOW()),
(75, 18, NULL, 'standard', 'gray', '', false, NULL, NULL, false, 100, NULL, 12.00, 'active', NULL, NULL, NOW(), NOW()),
(76, 11, NULL, 'standard', 'gray', '', false, NULL, NULL, false, 100, NULL, 22.00, 'active', NULL, NULL, NOW(), NOW()),
(76, 18, NULL, 'standard', 'gray', '', false, NULL, NULL, false, 100, NULL, 15.00, 'active', NULL, NULL, NOW(), NOW()),
(76, 16, NULL, 'standard', 'gray', '', false, NULL, NULL, false, 100, NULL, 13.00, 'active', NULL, NULL, NOW(), NOW()),
(76, 21, NULL, 'standard', 'gray', '', false, NULL, NULL, false, 100, NULL, 50.00, 'active', NULL, NULL, NOW(), NOW()),
(76, 12, NULL, 'standard', 'gray', '', false, NULL, NULL, false, 100, NULL, 44.00, 'active', NULL, NULL, NOW(), NOW()),
(76, 13, NULL, 'standard', 'gray', '', false, NULL, NULL, false, 100, NULL, 21.00, 'active', NULL, NULL, NOW(), NOW()),
(76, 14, NULL, 'standard', 'gray', '', false, NULL, NULL, false, 100, NULL, 32.00, 'active', NULL, NULL, NOW(), NOW()),
(76, 7, NULL, 'standard', 'gray', '', false, NULL, NULL, false, 100, NULL, 19.00, 'active', NULL, NULL, NOW(), NOW()),
(76, 22, NULL, 'standard', 'gray', '', false, NULL, NULL, false, 100, NULL, 14.00, 'active', NULL, NULL, NOW(), NOW()),
(76, 25, NULL, 'standard', 'gray', '', false, NULL, NULL, false, 100, NULL, 10.00, 'active', NULL, NULL, NOW(), NOW()),
(77, 3, NULL, 'standard', 'gray', '', false, NULL, NULL, false, 100, NULL, 42.00, 'active', NULL, NULL, NOW(), NOW()),
(77, 21, NULL, 'standard', 'gray', '', false, NULL, NULL, false, 100, NULL, 24.00, 'active', NULL, NULL, NOW(), NOW()),
(77, 14, NULL, 'standard', 'gray', '', false, NULL, NULL, false, 100, NULL, 29.00, 'active', NULL, NULL, NOW(), NOW()),
(77, 15, NULL, 'standard', 'gray', '', false, NULL, NULL, false, 100, NULL, 43.00, 'active', NULL, NULL, NOW(), NOW()),
(77, 11, NULL, 'standard', 'gray', '', false, NULL, NULL, false, 100, NULL, 19.00, 'active', NULL, NULL, NOW(), NOW()),
(77, 6, NULL, 'standard', 'gray', '', false, NULL, NULL, false, 100, NULL, 12.00, 'active', NULL, NULL, NOW(), NOW()),
(78, 26, NULL, 'standard', 'gray', '', false, NULL, NULL, false, 100, NULL, 18.00, 'active', NULL, NULL, NOW(), NOW()),
(78, 8, NULL, 'standard', 'gray', '', false, NULL, NULL, false, 100, NULL, 33.00, 'active', NULL, NULL, NOW(), NOW()),
(78, 4, NULL, 'standard', 'gray', '', false, NULL, NULL, false, 100, NULL, 10.00, 'active', NULL, NULL, NOW(), NOW()),
(78, 15, NULL, 'standard', 'gray', '', false, NULL, NULL, false, 100, NULL, 49.00, 'active', NULL, NULL, NOW(), NOW()),
(78, 2, NULL, 'standard', 'gray', '', false, NULL, NULL, false, 100, NULL, 17.00, 'active', NULL, NULL, NOW(), NOW()),
(78, 20, NULL, 'standard', 'gray', '', false, NULL, NULL, false, 100, NULL, 40.00, 'active', NULL, NULL, NOW(), NOW()),
(78, 13, NULL, 'standard', 'gray', '', false, NULL, NULL, false, 100, NULL, 34.00, 'active', NULL, NULL, NOW(), NOW()),
(78, 5, NULL, 'standard', 'gray', '', false, NULL, NULL, false, 100, NULL, 45.00, 'active', NULL, NULL, NOW(), NOW()),
(78, 21, NULL, 'standard', 'gray', '', false, NULL, NULL, false, 100, NULL, 23.00, 'active', NULL, NULL, NOW(), NOW()),
(79, 9, NULL, 'standard', 'gray', '', false, NULL, NULL, false, 100, NULL, 38.00, 'active', NULL, NULL, NOW(), NOW()),
(79, 15, NULL, 'standard', 'gray', '', false, NULL, NULL, false, 100, NULL, 44.00, 'active', NULL, NULL, NOW(), NOW()),
(79, 13, NULL, 'standard', 'gray', '', false, NULL, NULL, false, 100, NULL, 27.00, 'active', NULL, NULL, NOW(), NOW()),
(79, 24, NULL, 'standard', 'gray', '', false, NULL, NULL, false, 100, NULL, 20.00, 'active', NULL, NULL, NOW(), NOW()),
(79, 23, NULL, 'standard', 'gray', '', false, NULL, NULL, false, 100, NULL, 28.00, 'active', NULL, NULL, NOW(), NOW()),
(79, 10, NULL, 'standard', 'gray', '', false, NULL, NULL, false, 100, NULL, 48.00, 'active', NULL, NULL, NOW(), NOW()),
(79, 7, NULL, 'standard', 'gray', '', false, NULL, NULL, false, 100, NULL, 36.00, 'active', NULL, NULL, NOW(), NOW()),
(80, 13, NULL, 'standard', 'gray', '', false, NULL, NULL, false, 100, NULL, 50.00, 'active', NULL, NULL, NOW(), NOW()),
(80, 16, NULL, 'standard', 'gray', '', false, NULL, NULL, false, 100, NULL, 25.00, 'active', NULL, NULL, NOW(), NOW()),
(81, 25, NULL, 'standard', 'gray', '', false, NULL, NULL, false, 100, NULL, 16.00, 'active', NULL, NULL, NOW(), NOW()),
(81, 20, NULL, 'standard', 'gray', '', false, NULL, NULL, false, 100, NULL, 21.00, 'active', NULL, NULL, NOW(), NOW()),
(81, 9, NULL, 'standard', 'gray', '', false, NULL, NULL, false, 100, NULL, 25.00, 'active', NULL, NULL, NOW(), NOW()),
(82, 14, NULL, 'standard', 'gray', '', false, NULL, NULL, false, 100, NULL, 15.00, 'active', NULL, NULL, NOW(), NOW()),
(82, 19, NULL, 'standard', 'gray', '', false, NULL, NULL, false, 100, NULL, 45.00, 'active', NULL, NULL, NOW(), NOW()),
(82, 4, NULL, 'standard', 'gray', '', false, NULL, NULL, false, 100, NULL, 39.00, 'active', NULL, NULL, NOW(), NOW()),
(82, 13, NULL, 'standard', 'gray', '', false, NULL, NULL, false, 100, NULL, 45.00, 'active', NULL, NULL, NOW(), NOW()),
(82, 8, NULL, 'standard', 'gray', '', false, NULL, NULL, false, 100, NULL, 32.00, 'active', NULL, NULL, NOW(), NOW()),
(82, 11, NULL, 'standard', 'gray', '', false, NULL, NULL, false, 100, NULL, 12.00, 'active', NULL, NULL, NOW(), NOW()),
(82, 2, NULL, 'standard', 'gray', '', false, NULL, NULL, false, 100, NULL, 14.00, 'active', NULL, NULL, NOW(), NOW()),
(83, 3, NULL, 'standard', 'gray', '', false, NULL, NULL, false, 100, NULL, 16.00, 'active', NULL, NULL, NOW(), NOW()),
(83, 23, NULL, 'standard', 'gray', '', false, NULL, NULL, false, 100, NULL, 26.00, 'active', NULL, NULL, NOW(), NOW()),
(83, 22, NULL, 'standard', 'gray', '', false, NULL, NULL, false, 100, NULL, 46.00, 'active', NULL, NULL, NOW(), NOW()),
(83, 13, NULL, 'standard', 'gray', '', false, NULL, NULL, false, 100, NULL, 47.00, 'active', NULL, NULL, NOW(), NOW()),
(83, 16, NULL, 'standard', 'gray', '', false, NULL, NULL, false, 100, NULL, 29.00, 'active', NULL, NULL, NOW(), NOW()),
(84, 20, NULL, 'standard', 'gray', '', false, NULL, NULL, false, 100, NULL, 17.00, 'active', NULL, NULL, NOW(), NOW()),
(84, 26, NULL, 'standard', 'gray', '', false, NULL, NULL, false, 100, NULL, 24.00, 'active', NULL, NULL, NOW(), NOW()),
(84, 25, NULL, 'standard', 'gray', '', false, NULL, NULL, false, 100, NULL, 50.00, 'active', NULL, NULL, NOW(), NOW()),
(84, 7, NULL, 'standard', 'gray', '', false, NULL, NULL, false, 100, NULL, 44.00, 'active', NULL, NULL, NOW(), NOW()),
(84, 5, NULL, 'standard', 'gray', '', false, NULL, NULL, false, 100, NULL, 13.00, 'active', NULL, NULL, NOW(), NOW()),
(84, 19, NULL, 'standard', 'gray', '', false, NULL, NULL, false, 100, NULL, 27.00, 'active', NULL, NULL, NOW(), NOW()),
(84, 23, NULL, 'standard', 'gray', '', false, NULL, NULL, false, 100, NULL, 37.00, 'active', NULL, NULL, NOW(), NOW()),
(85, 26, NULL, 'standard', 'gray', '', false, NULL, NULL, false, 100, NULL, 39.00, 'active', NULL, NULL, NOW(), NOW()),
(85, 21, NULL, 'standard', 'gray', '', false, NULL, NULL, false, 100, NULL, 30.00, 'active', NULL, NULL, NOW(), NOW()),
(85, 18, NULL, 'standard', 'gray', '', false, NULL, NULL, false, 100, NULL, 16.00, 'active', NULL, NULL, NOW(), NOW()),
(85, 25, NULL, 'standard', 'gray', '', false, NULL, NULL, false, 100, NULL, 16.00, 'active', NULL, NULL, NOW(), NOW()),
(85, 16, NULL, 'standard', 'gray', '', false, NULL, NULL, false, 100, NULL, 37.00, 'active', NULL, NULL, NOW(), NOW()),
(86, 11, NULL, 'standard', 'gray', '', false, NULL, NULL, false, 100, NULL, 15.00, 'active', NULL, NULL, NOW(), NOW()),
(86, 26, NULL, 'standard', 'gray', '', false, NULL, NULL, false, 100, NULL, 16.00, 'active', NULL, NULL, NOW(), NOW()),
(86, 2, NULL, 'standard', 'gray', '', false, NULL, NULL, false, 100, NULL, 32.00, 'active', NULL, NULL, NOW(), NOW()),
(86, 6, NULL, 'standard', 'gray', '', false, NULL, NULL, false, 100, NULL, 24.00, 'active', NULL, NULL, NOW(), NOW()),
(87, 16, NULL, 'standard', 'gray', '', false, NULL, NULL, false, 100, NULL, 36.00, 'active', NULL, NULL, NOW(), NOW()),
(87, 11, NULL, 'standard', 'gray', '', false, NULL, NULL, false, 100, NULL, 10.00, 'active', NULL, NULL, NOW(), NOW()),
(87, 23, NULL, 'standard', 'gray', '', false, NULL, NULL, false, 100, NULL, 14.00, 'active', NULL, NULL, NOW(), NOW()),
(89, 22, NULL, 'standard', 'gray', '', false, NULL, NULL, false, 100, NULL, 48.00, 'active', NULL, NULL, NOW(), NOW()),
(89, 8, NULL, 'standard', 'gray', '', false, NULL, NULL, false, 100, NULL, 11.00, 'active', NULL, NULL, NOW(), NOW()),
(90, 17, NULL, 'standard', 'gray', '', false, NULL, NULL, false, 100, NULL, 44.00, 'active', NULL, NULL, NOW(), NOW()),
(90, 23, NULL, 'standard', 'gray', '', false, NULL, NULL, false, 100, NULL, 14.00, 'active', NULL, NULL, NOW(), NOW()),
(90, 18, NULL, 'standard', 'gray', '', false, NULL, NULL, false, 100, NULL, 13.00, 'active', NULL, NULL, NOW(), NOW()),
(90, 13, NULL, 'standard', 'gray', '', false, NULL, NULL, false, 100, NULL, 14.00, 'active', NULL, NULL, NOW(), NOW()),
(90, 7, NULL, 'standard', 'gray', '', false, NULL, NULL, false, 100, NULL, 44.00, 'active', NULL, NULL, NOW(), NOW()),
(90, 12, NULL, 'standard', 'gray', '', false, NULL, NULL, false, 100, NULL, 33.00, 'active', NULL, NULL, NOW(), NOW()),
(90, 20, NULL, 'standard', 'gray', '', false, NULL, NULL, false, 100, NULL, 39.00, 'active', NULL, NULL, NOW(), NOW()),
(90, 10, NULL, 'standard', 'gray', '', false, NULL, NULL, false, 100, NULL, 43.00, 'active', NULL, NULL, NOW(), NOW()),
(90, 2, NULL, 'standard', 'gray', '', false, NULL, NULL, false, 100, NULL, 26.00, 'active', NULL, NULL, NOW(), NOW()),
(90, 21, NULL, 'standard', 'gray', '', false, NULL, NULL, false, 100, NULL, 18.00, 'active', NULL, NULL, NOW(), NOW()),
(91, 24, NULL, 'standard', 'gray', '', false, NULL, NULL, false, 100, NULL, 16.00, 'active', NULL, NULL, NOW(), NOW()),
(91, 2, NULL, 'standard', 'gray', '', false, NULL, NULL, false, 100, NULL, 36.00, 'active', NULL, NULL, NOW(), NOW()),
(91, 25, NULL, 'standard', 'gray', '', false, NULL, NULL, false, 100, NULL, 41.00, 'active', NULL, NULL, NOW(), NOW()),
(93, 16, NULL, 'standard', 'gray', '', false, NULL, NULL, false, 100, NULL, 37.00, 'active', NULL, NULL, NOW(), NOW()),
(93, 19, NULL, 'standard', 'gray', '', false, NULL, NULL, false, 100, NULL, 19.00, 'active', NULL, NULL, NOW(), NOW()),
(93, 5, NULL, 'standard', 'gray', '', false, NULL, NULL, false, 100, NULL, 30.00, 'active', NULL, NULL, NOW(), NOW()),
(93, 10, NULL, 'standard', 'gray', '', false, NULL, NULL, false, 100, NULL, 33.00, 'active', NULL, NULL, NOW(), NOW()),
(93, 26, NULL, 'standard', 'gray', '', false, NULL, NULL, false, 100, NULL, 31.00, 'active', NULL, NULL, NOW(), NOW()),
(93, 12, NULL, 'standard', 'gray', '', false, NULL, NULL, false, 100, NULL, 40.00, 'active', NULL, NULL, NOW(), NOW()),
(93, 23, NULL, 'standard', 'gray', '', false, NULL, NULL, false, 100, NULL, 27.00, 'active', NULL, NULL, NOW(), NOW()),
(93, 18, NULL, 'standard', 'gray', '', false, NULL, NULL, false, 100, NULL, 23.00, 'active', NULL, NULL, NOW(), NOW()),
(93, 2, NULL, 'standard', 'gray', '', false, NULL, NULL, false, 100, NULL, 32.00, 'active', NULL, NULL, NOW(), NOW()),
(96, 6, NULL, 'standard', 'gray', '', false, NULL, NULL, false, 100, NULL, 47.00, 'active', NULL, NULL, NOW(), NOW()),
(96, 9, NULL, 'standard', 'gray', '', false, NULL, NULL, false, 100, NULL, 22.00, 'active', NULL, NULL, NOW(), NOW()),
(96, 16, NULL, 'standard', 'gray', '', false, NULL, NULL, false, 100, NULL, 37.00, 'active', NULL, NULL, NOW(), NOW()),
(96, 7, NULL, 'standard', 'gray', '', false, NULL, NULL, false, 100, NULL, 48.00, 'active', NULL, NULL, NOW(), NOW()),
(97, 21, NULL, 'standard', 'gray', '', false, NULL, NULL, false, 100, NULL, 48.00, 'active', NULL, NULL, NOW(), NOW()),
(97, 20, NULL, 'standard', 'gray', '', false, NULL, NULL, false, 100, NULL, 11.00, 'active', NULL, NULL, NOW(), NOW()),
(97, 9, NULL, 'standard', 'gray', '', false, NULL, NULL, false, 100, NULL, 35.00, 'active', NULL, NULL, NOW(), NOW()),
(97, 11, NULL, 'standard', 'gray', '', false, NULL, NULL, false, 100, NULL, 43.00, 'active', NULL, NULL, NOW(), NOW()),
(97, 22, NULL, 'standard', 'gray', '', false, NULL, NULL, false, 100, NULL, 22.00, 'active', NULL, NULL, NOW(), NOW()),
(97, 13, NULL, 'standard', 'gray', '', false, NULL, NULL, false, 100, NULL, 41.00, 'active', NULL, NULL, NOW(), NOW()),
(97, 12, NULL, 'standard', 'gray', '', false, NULL, NULL, false, 100, NULL, 26.00, 'active', NULL, NULL, NOW(), NOW()),
(97, 6, NULL, 'standard', 'gray', '', false, NULL, NULL, false, 100, NULL, 50.00, 'active', NULL, NULL, NOW(), NOW()),
(97, 26, NULL, 'standard', 'gray', '', false, NULL, NULL, false, 100, NULL, 15.00, 'active', NULL, NULL, NOW(), NOW()),
(98, 25, NULL, 'standard', 'gray', '', false, NULL, NULL, false, 100, NULL, 34.00, 'active', NULL, NULL, NOW(), NOW()),
(98, 19, NULL, 'standard', 'gray', '', false, NULL, NULL, false, 100, NULL, 10.00, 'active', NULL, NULL, NOW(), NOW()),
(98, 13, NULL, 'standard', 'gray', '', false, NULL, NULL, false, 100, NULL, 42.00, 'active', NULL, NULL, NOW(), NOW()),
(98, 4, NULL, 'standard', 'gray', '', false, NULL, NULL, false, 100, NULL, 40.00, 'active', NULL, NULL, NOW(), NOW()),
(98, 11, NULL, 'standard', 'gray', '', false, NULL, NULL, false, 100, NULL, 14.00, 'active', NULL, NULL, NOW(), NOW()),
(98, 7, NULL, 'standard', 'gray', '', false, NULL, NULL, false, 100, NULL, 36.00, 'active', NULL, NULL, NOW(), NOW()),
(98, 26, NULL, 'standard', 'gray', '', false, NULL, NULL, false, 100, NULL, 43.00, 'active', NULL, NULL, NOW(), NOW()),
(98, 15, NULL, 'standard', 'gray', '', false, NULL, NULL, false, 100, NULL, 24.00, 'active', NULL, NULL, NOW(), NOW()),
(100, 21, NULL, 'standard', 'gray', '', false, NULL, NULL, false, 100, NULL, 27.00, 'active', NULL, NULL, NOW(), NOW()),
(100, 2, NULL, 'standard', 'gray', '', false, NULL, NULL, false, 100, NULL, 35.00, 'active', NULL, NULL, NOW(), NOW()),
(100, 18, NULL, 'standard', 'gray', '', false, NULL, NULL, false, 100, NULL, 31.00, 'active', NULL, NULL, NOW(), NOW()),
(100, 12, NULL, 'standard', 'gray', '', false, NULL, NULL, false, 100, NULL, 27.00, 'active', NULL, NULL, NOW(), NOW()),
(100, 4, NULL, 'standard', 'gray', '', false, NULL, NULL, false, 100, NULL, 42.00, 'active', NULL, NULL, NOW(), NOW()),
(100, 8, NULL, 'standard', 'gray', '', false, NULL, NULL, false, 100, NULL, 25.00, 'active', NULL, NULL, NOW(), NOW()),
(100, 3, NULL, 'standard', 'gray', '', false, NULL, NULL, false, 100, NULL, 30.00, 'active', NULL, NULL, NOW(), NOW()),
(100, 13, NULL, 'standard', 'gray', '', false, NULL, NULL, false, 100, NULL, 39.00, 'active', NULL, NULL, NOW(), NOW()),
(100, 1, NULL, 'standard', 'gray', '', false, NULL, NULL, false, 100, NULL, 42.00, 'active', NULL, NULL, NOW(), NOW());

-- 9. Needs & Apps
INSERT INTO needs_eventneed (id, event_id, title, description, category, criticality, budget_min, budget_max, status, assigned_vendor_id, application_count, created_at) VALUES
(1, 1, 'Need 1', '', 'Service', 'replaceable', NULL, 500.00, 'filled', 13, 1, NOW()),
(2, 1, 'Need 2', '', 'Service', 'replaceable', NULL, 500.00, 'filled', 11, 1, NOW()),
(3, 2, 'Need 3', '', 'Service', 'replaceable', NULL, 500.00, 'open', NULL, 1, NOW()),
(4, 2, 'Need 4', '', 'Service', 'replaceable', NULL, 500.00, 'filled', 8, 1, NOW()),
(5, 2, 'Need 5', '', 'Service', 'replaceable', NULL, 500.00, 'open', NULL, 1, NOW()),
(6, 3, 'Need 6', '', 'Service', 'replaceable', NULL, 500.00, 'open', NULL, 1, NOW()),
(7, 3, 'Need 7', '', 'Service', 'replaceable', NULL, 500.00, 'open', NULL, 1, NOW()),
(8, 14, 'Need 8', '', 'Service', 'replaceable', NULL, 500.00, 'open', NULL, 1, NOW()),
(9, 14, 'Need 9', '', 'Service', 'replaceable', NULL, 500.00, 'filled', 13, 1, NOW()),
(10, 19, 'Need 10', '', 'Service', 'replaceable', NULL, 500.00, 'open', NULL, 1, NOW()),
(11, 22, 'Need 11', '', 'Service', 'replaceable', NULL, 500.00, 'filled', 7, 1, NOW()),
(12, 25, 'Need 12', '', 'Service', 'replaceable', NULL, 500.00, 'filled', 9, 1, NOW()),
(13, 28, 'Need 13', '', 'Service', 'replaceable', NULL, 500.00, 'filled', 14, 1, NOW()),
(14, 28, 'Need 14', '', 'Service', 'replaceable', NULL, 500.00, 'filled', 13, 1, NOW()),
(15, 28, 'Need 15', '', 'Service', 'replaceable', NULL, 500.00, 'filled', 8, 1, NOW()),
(16, 33, 'Need 16', '', 'Service', 'replaceable', NULL, 500.00, 'filled', 15, 1, NOW()),
(17, 36, 'Need 17', '', 'Service', 'replaceable', NULL, 500.00, 'open', NULL, 1, NOW()),
(18, 36, 'Need 18', '', 'Service', 'replaceable', NULL, 500.00, 'open', NULL, 1, NOW()),
(19, 36, 'Need 19', '', 'Service', 'replaceable', NULL, 500.00, 'open', NULL, 1, NOW()),
(20, 37, 'Need 20', '', 'Service', 'replaceable', NULL, 500.00, 'open', NULL, 1, NOW()),
(21, 37, 'Need 21', '', 'Service', 'replaceable', NULL, 500.00, 'filled', 14, 1, NOW()),
(22, 39, 'Need 22', '', 'Service', 'replaceable', NULL, 500.00, 'open', NULL, 1, NOW()),
(23, 39, 'Need 23', '', 'Service', 'replaceable', NULL, 500.00, 'filled', 6, 1, NOW()),
(24, 39, 'Need 24', '', 'Service', 'replaceable', NULL, 500.00, 'filled', 8, 1, NOW()),
(25, 40, 'Need 25', '', 'Service', 'replaceable', NULL, 500.00, 'filled', 11, 1, NOW()),
(26, 40, 'Need 26', '', 'Service', 'replaceable', NULL, 500.00, 'open', NULL, 1, NOW()),
(27, 44, 'Need 27', '', 'Service', 'replaceable', NULL, 500.00, 'open', NULL, 1, NOW()),
(28, 48, 'Need 28', '', 'Service', 'replaceable', NULL, 500.00, 'filled', 8, 1, NOW()),
(29, 50, 'Need 29', '', 'Service', 'replaceable', NULL, 500.00, 'filled', 9, 1, NOW()),
(30, 51, 'Need 30', '', 'Service', 'replaceable', NULL, 500.00, 'open', NULL, 1, NOW()),
(31, 51, 'Need 31', '', 'Service', 'replaceable', NULL, 500.00, 'filled', 7, 1, NOW()),
(32, 52, 'Need 32', '', 'Service', 'replaceable', NULL, 500.00, 'filled', 15, 1, NOW()),
(33, 52, 'Need 33', '', 'Service', 'replaceable', NULL, 500.00, 'filled', 10, 1, NOW()),
(34, 55, 'Need 34', '', 'Service', 'replaceable', NULL, 500.00, 'filled', 8, 1, NOW()),
(35, 56, 'Need 35', '', 'Service', 'replaceable', NULL, 500.00, 'open', NULL, 1, NOW()),
(36, 60, 'Need 36', '', 'Service', 'replaceable', NULL, 500.00, 'open', NULL, 1, NOW()),
(37, 64, 'Need 37', '', 'Service', 'replaceable', NULL, 500.00, 'filled', 10, 1, NOW()),
(38, 65, 'Need 38', '', 'Service', 'replaceable', NULL, 500.00, 'filled', 14, 1, NOW()),
(39, 65, 'Need 39', '', 'Service', 'replaceable', NULL, 500.00, 'open', NULL, 1, NOW()),
(40, 65, 'Need 40', '', 'Service', 'replaceable', NULL, 500.00, 'filled', 7, 1, NOW()),
(41, 68, 'Need 41', '', 'Service', 'replaceable', NULL, 500.00, 'filled', 12, 1, NOW()),
(42, 68, 'Need 42', '', 'Service', 'replaceable', NULL, 500.00, 'filled', 13, 1, NOW()),
(43, 68, 'Need 43', '', 'Service', 'replaceable', NULL, 500.00, 'open', NULL, 1, NOW()),
(44, 70, 'Need 44', '', 'Service', 'replaceable', NULL, 500.00, 'filled', 14, 1, NOW()),
(45, 74, 'Need 45', '', 'Service', 'replaceable', NULL, 500.00, 'open', NULL, 1, NOW()),
(46, 75, 'Need 46', '', 'Service', 'replaceable', NULL, 500.00, 'open', NULL, 1, NOW()),
(47, 75, 'Need 47', '', 'Service', 'replaceable', NULL, 500.00, 'filled', 7, 1, NOW()),
(48, 76, 'Need 48', '', 'Service', 'replaceable', NULL, 500.00, 'filled', 8, 1, NOW()),
(49, 79, 'Need 49', '', 'Service', 'replaceable', NULL, 500.00, 'filled', 12, 1, NOW()),
(50, 79, 'Need 50', '', 'Service', 'replaceable', NULL, 500.00, 'open', NULL, 1, NOW()),
(51, 79, 'Need 51', '', 'Service', 'replaceable', NULL, 500.00, 'filled', 7, 1, NOW()),
(52, 82, 'Need 52', '', 'Service', 'replaceable', NULL, 500.00, 'open', NULL, 1, NOW()),
(53, 85, 'Need 53', '', 'Service', 'replaceable', NULL, 500.00, 'filled', 15, 1, NOW()),
(54, 85, 'Need 54', '', 'Service', 'replaceable', NULL, 500.00, 'open', NULL, 1, NOW()),
(55, 86, 'Need 55', '', 'Service', 'replaceable', NULL, 500.00, 'open', NULL, 1, NOW()),
(56, 86, 'Need 56', '', 'Service', 'replaceable', NULL, 500.00, 'open', NULL, 1, NOW()),
(57, 86, 'Need 57', '', 'Service', 'replaceable', NULL, 500.00, 'open', NULL, 1, NOW()),
(58, 87, 'Need 58', '', 'Service', 'replaceable', NULL, 500.00, 'filled', 13, 1, NOW()),
(59, 87, 'Need 59', '', 'Service', 'replaceable', NULL, 500.00, 'filled', 10, 1, NOW()),
(60, 92, 'Need 60', '', 'Service', 'replaceable', NULL, 500.00, 'filled', 12, 1, NOW()),
(61, 100, 'Need 61', '', 'Service', 'replaceable', NULL, 500.00, 'open', NULL, 1, NOW()),
(62, 100, 'Need 62', '', 'Service', 'replaceable', NULL, 500.00, 'filled', 9, 1, NOW()),
(63, 100, 'Need 63', '', 'Service', 'replaceable', NULL, 500.00, 'filled', 11, 1, NOW());

INSERT INTO needs_needapplication (need_id, vendor_id, service_id, message, proposed_price, status, barcode, qr_secret, admitted_at, admitted_by_id, created_at) VALUES
(1, 13, 8, 'I can do this!', 500.00, 'accepted', NULL, NULL, NULL, NULL, NOW()),
(2, 11, 6, 'I can do this!', 500.00, 'accepted', NULL, NULL, NULL, NULL, NOW()),
(4, 8, 3, 'I can do this!', 500.00, 'accepted', NULL, NULL, NULL, NULL, NOW()),
(9, 13, 8, 'I can do this!', 500.00, 'accepted', NULL, NULL, NULL, NULL, NOW()),
(11, 7, 2, 'I can do this!', 500.00, 'accepted', NULL, NULL, NULL, NULL, NOW()),
(12, 9, 4, 'I can do this!', 500.00, 'accepted', NULL, NULL, NULL, NULL, NOW()),
(13, 14, 9, 'I can do this!', 500.00, 'accepted', NULL, NULL, NULL, NULL, NOW()),
(14, 13, 8, 'I can do this!', 500.00, 'accepted', NULL, NULL, NULL, NULL, NOW()),
(15, 8, 3, 'I can do this!', 500.00, 'accepted', NULL, NULL, NULL, NULL, NOW()),
(16, 15, 10, 'I can do this!', 500.00, 'accepted', NULL, NULL, NULL, NULL, NOW()),
(21, 14, 9, 'I can do this!', 500.00, 'accepted', NULL, NULL, NULL, NULL, NOW()),
(23, 6, 1, 'I can do this!', 500.00, 'accepted', NULL, NULL, NULL, NULL, NOW()),
(24, 8, 3, 'I can do this!', 500.00, 'accepted', NULL, NULL, NULL, NULL, NOW()),
(25, 11, 6, 'I can do this!', 500.00, 'accepted', NULL, NULL, NULL, NULL, NOW()),
(28, 8, 3, 'I can do this!', 500.00, 'accepted', NULL, NULL, NULL, NULL, NOW()),
(29, 9, 4, 'I can do this!', 500.00, 'accepted', NULL, NULL, NULL, NULL, NOW()),
(31, 7, 2, 'I can do this!', 500.00, 'accepted', NULL, NULL, NULL, NULL, NOW()),
(32, 15, 10, 'I can do this!', 500.00, 'accepted', NULL, NULL, NULL, NULL, NOW()),
(33, 10, 5, 'I can do this!', 500.00, 'accepted', NULL, NULL, NULL, NULL, NOW()),
(34, 8, 3, 'I can do this!', 500.00, 'accepted', NULL, NULL, NULL, NULL, NOW()),
(37, 10, 5, 'I can do this!', 500.00, 'accepted', NULL, NULL, NULL, NULL, NOW()),
(38, 14, 9, 'I can do this!', 500.00, 'accepted', NULL, NULL, NULL, NULL, NOW()),
(40, 7, 2, 'I can do this!', 500.00, 'accepted', NULL, NULL, NULL, NULL, NOW()),
(41, 12, 7, 'I can do this!', 500.00, 'accepted', NULL, NULL, NULL, NULL, NOW()),
(42, 13, 8, 'I can do this!', 500.00, 'accepted', NULL, NULL, NULL, NULL, NOW()),
(44, 14, 9, 'I can do this!', 500.00, 'accepted', NULL, NULL, NULL, NULL, NOW()),
(47, 7, 2, 'I can do this!', 500.00, 'accepted', NULL, NULL, NULL, NULL, NOW()),
(48, 8, 3, 'I can do this!', 500.00, 'accepted', NULL, NULL, NULL, NULL, NOW()),
(49, 12, 7, 'I can do this!', 500.00, 'accepted', NULL, NULL, NULL, NULL, NOW()),
(51, 7, 2, 'I can do this!', 500.00, 'accepted', NULL, NULL, NULL, NULL, NOW()),
(53, 15, 10, 'I can do this!', 500.00, 'accepted', NULL, NULL, NULL, NULL, NOW()),
(58, 13, 8, 'I can do this!', 500.00, 'accepted', NULL, NULL, NULL, NULL, NOW()),
(59, 10, 5, 'I can do this!', 500.00, 'accepted', NULL, NULL, NULL, NULL, NOW()),
(60, 12, 7, 'I can do this!', 500.00, 'accepted', NULL, NULL, NULL, NULL, NOW()),
(62, 9, 4, 'I can do this!', 500.00, 'accepted', NULL, NULL, NULL, NULL, NOW()),
(63, 11, 6, 'I can do this!', 500.00, 'accepted', NULL, NULL, NULL, NULL, NOW());

-- 10. Highlights
INSERT INTO events_eventhighlight (id, event_id, author_id, role, text, media_file, moderation_status, created_at) VALUES
(1, 18, 20, 'vendor', 'Amazing moment 1!', '/assets/default-event-img.png', 'approved', NOW()),
(2, 5, 19, 'vendor', 'Amazing moment 2!', '/assets/default-event-img.png', 'approved', NOW()),
(3, 78, 8, 'host', 'Amazing moment 3!', '/assets/default-event-img.png', 'approved', NOW()),
(4, 54, 5, 'vendor', 'Amazing moment 4!', '/assets/default-event-img.png', 'approved', NOW()),
(5, 4, 11, 'goer', 'Amazing moment 5!', '/assets/default-event-img.png', 'approved', NOW()),
(6, 26, 20, 'host', 'Amazing moment 6!', '/assets/default-event-img.png', 'approved', NOW()),
(7, 30, 5, 'goer', 'Amazing moment 7!', '/assets/default-event-img.png', 'approved', NOW()),
(8, 17, 24, 'vendor', 'Amazing moment 8!', '/assets/default-event-img.png', 'approved', NOW()),
(9, 8, 11, 'host', 'Amazing moment 9!', '/assets/default-event-img.png', 'approved', NOW()),
(10, 60, 12, 'goer', 'Amazing moment 10!', '/assets/default-event-img.png', 'approved', NOW()),
(11, 59, 1, 'goer', 'Amazing moment 11!', '/assets/default-event-img.png', 'approved', NOW()),
(12, 37, 12, 'host', 'Amazing moment 12!', '/assets/default-event-img.png', 'approved', NOW()),
(13, 47, 23, 'goer', 'Amazing moment 13!', '/assets/default-event-img.png', 'approved', NOW()),
(14, 73, 5, 'goer', 'Amazing moment 14!', '/assets/default-event-img.png', 'approved', NOW()),
(15, 61, 2, 'host', 'Amazing moment 15!', '/assets/default-event-img.png', 'approved', NOW()),
(16, 4, 22, 'host', 'Amazing moment 16!', '/assets/default-event-img.png', 'approved', NOW()),
(17, 65, 5, 'goer', 'Amazing moment 17!', '/assets/default-event-img.png', 'approved', NOW()),
(18, 66, 1, 'vendor', 'Amazing moment 18!', '/assets/default-event-img.png', 'approved', NOW()),
(19, 47, 18, 'host', 'Amazing moment 19!', '/assets/default-event-img.png', 'approved', NOW()),
(20, 90, 11, 'vendor', 'Amazing moment 20!', '/assets/default-event-img.png', 'approved', NOW()),
(21, 13, 9, 'goer', 'Amazing moment 21!', '/assets/default-event-img.png', 'approved', NOW()),
(22, 96, 20, 'vendor', 'Amazing moment 22!', '/assets/default-event-img.png', 'approved', NOW()),
(23, 71, 11, 'goer', 'Amazing moment 23!', '/assets/default-event-img.png', 'approved', NOW()),
(24, 59, 12, 'goer', 'Amazing moment 24!', '/assets/default-event-img.png', 'approved', NOW()),
(25, 58, 21, 'host', 'Amazing moment 25!', '/assets/default-event-img.png', 'approved', NOW()),
(26, 43, 12, 'host', 'Amazing moment 26!', '/assets/default-event-img.png', 'approved', NOW()),
(27, 59, 12, 'goer', 'Amazing moment 27!', '/assets/default-event-img.png', 'approved', NOW()),
(28, 54, 10, 'goer', 'Amazing moment 28!', '/assets/default-event-img.png', 'approved', NOW()),
(29, 39, 11, 'goer', 'Amazing moment 29!', '/assets/default-event-img.png', 'approved', NOW()),
(30, 100, 8, 'vendor', 'Amazing moment 30!', '/assets/default-event-img.png', 'approved', NOW()),
(31, 84, 9, 'goer', 'Amazing moment 31!', '/assets/default-event-img.png', 'approved', NOW()),
(32, 64, 15, 'vendor', 'Amazing moment 32!', '/assets/default-event-img.png', 'approved', NOW()),
(33, 18, 13, 'vendor', 'Amazing moment 33!', '/assets/default-event-img.png', 'approved', NOW()),
(34, 99, 11, 'goer', 'Amazing moment 34!', '/assets/default-event-img.png', 'approved', NOW()),
(35, 41, 22, 'host', 'Amazing moment 35!', '/assets/default-event-img.png', 'approved', NOW()),
(36, 86, 8, 'goer', 'Amazing moment 36!', '/assets/default-event-img.png', 'approved', NOW()),
(37, 34, 7, 'goer', 'Amazing moment 37!', '/assets/default-event-img.png', 'approved', NOW()),
(38, 12, 22, 'host', 'Amazing moment 38!', '/assets/default-event-img.png', 'approved', NOW()),
(39, 90, 17, 'vendor', 'Amazing moment 39!', '/assets/default-event-img.png', 'approved', NOW()),
(40, 93, 25, 'goer', 'Amazing moment 40!', '/assets/default-event-img.png', 'approved', NOW()),
(41, 70, 5, 'host', 'Amazing moment 41!', '/assets/default-event-img.png', 'approved', NOW()),
(42, 23, 13, 'goer', 'Amazing moment 42!', '/assets/default-event-img.png', 'approved', NOW()),
(43, 35, 13, 'host', 'Amazing moment 43!', '/assets/default-event-img.png', 'approved', NOW()),
(44, 60, 26, 'goer', 'Amazing moment 44!', '/assets/default-event-img.png', 'approved', NOW()),
(45, 89, 3, 'vendor', 'Amazing moment 45!', '/assets/default-event-img.png', 'approved', NOW()),
(46, 81, 17, 'host', 'Amazing moment 46!', '/assets/default-event-img.png', 'approved', NOW()),
(47, 6, 19, 'host', 'Amazing moment 47!', '/assets/default-event-img.png', 'approved', NOW()),
(48, 86, 20, 'vendor', 'Amazing moment 48!', '/assets/default-event-img.png', 'approved', NOW()),
(49, 46, 13, 'goer', 'Amazing moment 49!', '/assets/default-event-img.png', 'approved', NOW()),
(50, 5, 26, 'goer', 'Amazing moment 50!', '/assets/default-event-img.png', 'approved', NOW()),
(51, 30, 3, 'host', 'Amazing moment 51!', '/assets/default-event-img.png', 'approved', NOW()),
(52, 31, 1, 'vendor', 'Amazing moment 52!', '/assets/default-event-img.png', 'approved', NOW()),
(53, 74, 15, 'host', 'Amazing moment 53!', '/assets/default-event-img.png', 'approved', NOW()),
(54, 34, 23, 'vendor', 'Amazing moment 54!', '/assets/default-event-img.png', 'approved', NOW()),
(55, 17, 12, 'host', 'Amazing moment 55!', '/assets/default-event-img.png', 'approved', NOW()),
(56, 35, 9, 'vendor', 'Amazing moment 56!', '/assets/default-event-img.png', 'approved', NOW()),
(57, 15, 3, 'host', 'Amazing moment 57!', '/assets/default-event-img.png', 'approved', NOW()),
(58, 99, 17, 'goer', 'Amazing moment 58!', '/assets/default-event-img.png', 'approved', NOW()),
(59, 80, 6, 'host', 'Amazing moment 59!', '/assets/default-event-img.png', 'approved', NOW()),
(60, 2, 17, 'goer', 'Amazing moment 60!', '/assets/default-event-img.png', 'approved', NOW()),
(61, 84, 5, 'goer', 'Amazing moment 61!', '/assets/default-event-img.png', 'approved', NOW()),
(62, 16, 25, 'host', 'Amazing moment 62!', '/assets/default-event-img.png', 'approved', NOW()),
(63, 18, 7, 'goer', 'Amazing moment 63!', '/assets/default-event-img.png', 'approved', NOW()),
(64, 6, 20, 'vendor', 'Amazing moment 64!', '/assets/default-event-img.png', 'approved', NOW()),
(65, 82, 12, 'vendor', 'Amazing moment 65!', '/assets/default-event-img.png', 'approved', NOW()),
(66, 34, 16, 'vendor', 'Amazing moment 66!', '/assets/default-event-img.png', 'approved', NOW()),
(67, 69, 15, 'vendor', 'Amazing moment 67!', '/assets/default-event-img.png', 'approved', NOW()),
(68, 78, 13, 'vendor', 'Amazing moment 68!', '/assets/default-event-img.png', 'approved', NOW()),
(69, 72, 8, 'vendor', 'Amazing moment 69!', '/assets/default-event-img.png', 'approved', NOW()),
(70, 100, 6, 'vendor', 'Amazing moment 70!', '/assets/default-event-img.png', 'approved', NOW()),
(71, 92, 15, 'goer', 'Amazing moment 71!', '/assets/default-event-img.png', 'approved', NOW()),
(72, 41, 13, 'host', 'Amazing moment 72!', '/assets/default-event-img.png', 'approved', NOW()),
(73, 81, 15, 'vendor', 'Amazing moment 73!', '/assets/default-event-img.png', 'approved', NOW()),
(74, 93, 22, 'host', 'Amazing moment 74!', '/assets/default-event-img.png', 'approved', NOW()),
(75, 52, 23, 'goer', 'Amazing moment 75!', '/assets/default-event-img.png', 'approved', NOW()),
(76, 18, 3, 'goer', 'Amazing moment 76!', '/assets/default-event-img.png', 'approved', NOW()),
(77, 12, 11, 'host', 'Amazing moment 77!', '/assets/default-event-img.png', 'approved', NOW()),
(78, 9, 5, 'vendor', 'Amazing moment 78!', '/assets/default-event-img.png', 'approved', NOW()),
(79, 99, 25, 'host', 'Amazing moment 79!', '/assets/default-event-img.png', 'approved', NOW()),
(80, 20, 10, 'host', 'Amazing moment 80!', '/assets/default-event-img.png', 'approved', NOW()),
(81, 55, 25, 'goer', 'Amazing moment 81!', '/assets/default-event-img.png', 'approved', NOW()),
(82, 14, 20, 'vendor', 'Amazing moment 82!', '/assets/default-event-img.png', 'approved', NOW()),
(83, 22, 25, 'vendor', 'Amazing moment 83!', '/assets/default-event-img.png', 'approved', NOW()),
(84, 1, 22, 'vendor', 'Amazing moment 84!', '/assets/default-event-img.png', 'approved', NOW()),
(85, 65, 21, 'host', 'Amazing moment 85!', '/assets/default-event-img.png', 'approved', NOW()),
(86, 56, 20, 'goer', 'Amazing moment 86!', '/assets/default-event-img.png', 'approved', NOW()),
(87, 2, 1, 'host', 'Amazing moment 87!', '/assets/default-event-img.png', 'approved', NOW()),
(88, 18, 1, 'vendor', 'Amazing moment 88!', '/assets/default-event-img.png', 'approved', NOW()),
(89, 44, 7, 'goer', 'Amazing moment 89!', '/assets/default-event-img.png', 'approved', NOW()),
(90, 53, 7, 'vendor', 'Amazing moment 90!', '/assets/default-event-img.png', 'approved', NOW()),
(91, 41, 11, 'goer', 'Amazing moment 91!', '/assets/default-event-img.png', 'approved', NOW()),
(92, 65, 22, 'goer', 'Amazing moment 92!', '/assets/default-event-img.png', 'approved', NOW()),
(93, 21, 2, 'host', 'Amazing moment 93!', '/assets/default-event-img.png', 'approved', NOW()),
(94, 77, 1, 'host', 'Amazing moment 94!', '/assets/default-event-img.png', 'approved', NOW()),
(95, 12, 7, 'host', 'Amazing moment 95!', '/assets/default-event-img.png', 'approved', NOW()),
(96, 27, 26, 'host', 'Amazing moment 96!', '/assets/default-event-img.png', 'approved', NOW()),
(97, 15, 14, 'host', 'Amazing moment 97!', '/assets/default-event-img.png', 'approved', NOW()),
(98, 6, 6, 'goer', 'Amazing moment 98!', '/assets/default-event-img.png', 'approved', NOW()),
(99, 49, 20, 'goer', 'Amazing moment 99!', '/assets/default-event-img.png', 'approved', NOW()),
(100, 53, 22, 'host', 'Amazing moment 100!', '/assets/default-event-img.png', 'approved', NOW()),
(101, 58, 10, 'vendor', 'Amazing moment 101!', '/assets/default-event-img.png', 'approved', NOW()),
(102, 45, 23, 'goer', 'Amazing moment 102!', '/assets/default-event-img.png', 'approved', NOW()),
(103, 80, 7, 'host', 'Amazing moment 103!', '/assets/default-event-img.png', 'approved', NOW()),
(104, 55, 8, 'vendor', 'Amazing moment 104!', '/assets/default-event-img.png', 'approved', NOW()),
(105, 69, 12, 'host', 'Amazing moment 105!', '/assets/default-event-img.png', 'approved', NOW()),
(106, 45, 21, 'goer', 'Amazing moment 106!', '/assets/default-event-img.png', 'approved', NOW()),
(107, 14, 7, 'goer', 'Amazing moment 107!', '/assets/default-event-img.png', 'approved', NOW()),
(108, 53, 21, 'host', 'Amazing moment 108!', '/assets/default-event-img.png', 'approved', NOW()),
(109, 36, 3, 'vendor', 'Amazing moment 109!', '/assets/default-event-img.png', 'approved', NOW()),
(110, 64, 19, 'goer', 'Amazing moment 110!', '/assets/default-event-img.png', 'approved', NOW()),
(111, 40, 17, 'goer', 'Amazing moment 111!', '/assets/default-event-img.png', 'approved', NOW()),
(112, 23, 18, 'vendor', 'Amazing moment 112!', '/assets/default-event-img.png', 'approved', NOW()),
(113, 14, 12, 'goer', 'Amazing moment 113!', '/assets/default-event-img.png', 'approved', NOW()),
(114, 95, 19, 'goer', 'Amazing moment 114!', '/assets/default-event-img.png', 'approved', NOW()),
(115, 92, 13, 'host', 'Amazing moment 115!', '/assets/default-event-img.png', 'approved', NOW()),
(116, 60, 26, 'goer', 'Amazing moment 116!', '/assets/default-event-img.png', 'approved', NOW()),
(117, 55, 22, 'host', 'Amazing moment 117!', '/assets/default-event-img.png', 'approved', NOW()),
(118, 56, 12, 'host', 'Amazing moment 118!', '/assets/default-event-img.png', 'approved', NOW()),
(119, 24, 15, 'goer', 'Amazing moment 119!', '/assets/default-event-img.png', 'approved', NOW()),
(120, 37, 7, 'vendor', 'Amazing moment 120!', '/assets/default-event-img.png', 'approved', NOW()),
(121, 12, 25, 'host', 'Amazing moment 121!', '/assets/default-event-img.png', 'approved', NOW()),
(122, 7, 21, 'goer', 'Amazing moment 122!', '/assets/default-event-img.png', 'approved', NOW()),
(123, 10, 2, 'host', 'Amazing moment 123!', '/assets/default-event-img.png', 'approved', NOW()),
(124, 12, 24, 'host', 'Amazing moment 124!', '/assets/default-event-img.png', 'approved', NOW()),
(125, 19, 16, 'vendor', 'Amazing moment 125!', '/assets/default-event-img.png', 'approved', NOW()),
(126, 66, 18, 'vendor', 'Amazing moment 126!', '/assets/default-event-img.png', 'approved', NOW()),
(127, 90, 2, 'goer', 'Amazing moment 127!', '/assets/default-event-img.png', 'approved', NOW()),
(128, 67, 11, 'host', 'Amazing moment 128!', '/assets/default-event-img.png', 'approved', NOW()),
(129, 38, 6, 'goer', 'Amazing moment 129!', '/assets/default-event-img.png', 'approved', NOW()),
(130, 33, 5, 'host', 'Amazing moment 130!', '/assets/default-event-img.png', 'approved', NOW()),
(131, 32, 5, 'vendor', 'Amazing moment 131!', '/assets/default-event-img.png', 'approved', NOW()),
(132, 19, 8, 'vendor', 'Amazing moment 132!', '/assets/default-event-img.png', 'approved', NOW()),
(133, 55, 17, 'vendor', 'Amazing moment 133!', '/assets/default-event-img.png', 'approved', NOW()),
(134, 55, 15, 'host', 'Amazing moment 134!', '/assets/default-event-img.png', 'approved', NOW()),
(135, 99, 15, 'vendor', 'Amazing moment 135!', '/assets/default-event-img.png', 'approved', NOW()),
(136, 26, 16, 'host', 'Amazing moment 136!', '/assets/default-event-img.png', 'approved', NOW()),
(137, 73, 26, 'goer', 'Amazing moment 137!', '/assets/default-event-img.png', 'approved', NOW()),
(138, 46, 24, 'host', 'Amazing moment 138!', '/assets/default-event-img.png', 'approved', NOW()),
(139, 10, 22, 'vendor', 'Amazing moment 139!', '/assets/default-event-img.png', 'approved', NOW()),
(140, 27, 17, 'goer', 'Amazing moment 140!', '/assets/default-event-img.png', 'approved', NOW()),
(141, 33, 18, 'host', 'Amazing moment 141!', '/assets/default-event-img.png', 'approved', NOW()),
(142, 64, 11, 'host', 'Amazing moment 142!', '/assets/default-event-img.png', 'approved', NOW()),
(143, 20, 1, 'vendor', 'Amazing moment 143!', '/assets/default-event-img.png', 'approved', NOW()),
(144, 46, 3, 'goer', 'Amazing moment 144!', '/assets/default-event-img.png', 'approved', NOW()),
(145, 10, 26, 'host', 'Amazing moment 145!', '/assets/default-event-img.png', 'approved', NOW()),
(146, 90, 1, 'vendor', 'Amazing moment 146!', '/assets/default-event-img.png', 'approved', NOW()),
(147, 97, 15, 'goer', 'Amazing moment 147!', '/assets/default-event-img.png', 'approved', NOW()),
(148, 42, 4, 'host', 'Amazing moment 148!', '/assets/default-event-img.png', 'approved', NOW()),
(149, 56, 1, 'vendor', 'Amazing moment 149!', '/assets/default-event-img.png', 'approved', NOW()),
(150, 47, 2, 'host', 'Amazing moment 150!', '/assets/default-event-img.png', 'approved', NOW());

-- 11. Event Media
INSERT INTO events_eventmedia (event_id, media_type, category, file, "order", created_at) VALUES
(84, 'image', 'gallery', '/assets/default-event-img.png', 1, NOW()),
(100, 'image', 'gallery', '/assets/default-event-img.png', 2, NOW()),
(67, 'image', 'gallery', '/assets/default-event-img.png', 1, NOW()),
(38, 'image', 'highlight', '/assets/default-event-img.png', 4, NOW()),
(80, 'image', 'gallery', '/assets/default-event-img.png', 0, NOW()),
(73, 'image', 'highlight', '/assets/default-event-img.png', 1, NOW()),
(40, 'image', 'highlight', '/assets/default-event-img.png', 1, NOW()),
(28, 'image', 'gallery', '/assets/default-event-img.png', 0, NOW()),
(31, 'image', 'highlight', '/assets/default-event-img.png', 0, NOW()),
(92, 'image', 'gallery', '/assets/default-event-img.png', 3, NOW()),
(4, 'image', 'highlight', '/assets/default-event-img.png', 3, NOW()),
(28, 'image', 'gallery', '/assets/default-event-img.png', 4, NOW()),
(49, 'image', 'gallery', '/assets/default-event-img.png', 5, NOW()),
(34, 'image', 'gallery', '/assets/default-event-img.png', 3, NOW()),
(100, 'image', 'highlight', '/assets/default-event-img.png', 1, NOW()),
(72, 'image', 'highlight', '/assets/default-event-img.png', 3, NOW()),
(63, 'image', 'highlight', '/assets/default-event-img.png', 1, NOW()),
(39, 'image', 'highlight', '/assets/default-event-img.png', 1, NOW()),
(39, 'image', 'highlight', '/assets/default-event-img.png', 0, NOW()),
(43, 'image', 'gallery', '/assets/default-event-img.png', 1, NOW()),
(55, 'image', 'gallery', '/assets/default-event-img.png', 3, NOW()),
(27, 'image', 'gallery', '/assets/default-event-img.png', 3, NOW()),
(17, 'image', 'highlight', '/assets/default-event-img.png', 4, NOW()),
(15, 'image', 'highlight', '/assets/default-event-img.png', 0, NOW()),
(97, 'image', 'highlight', '/assets/default-event-img.png', 0, NOW()),
(88, 'image', 'highlight', '/assets/default-event-img.png', 4, NOW()),
(13, 'image', 'highlight', '/assets/default-event-img.png', 1, NOW()),
(34, 'image', 'gallery', '/assets/default-event-img.png', 3, NOW()),
(96, 'image', 'highlight', '/assets/default-event-img.png', 2, NOW()),
(18, 'image', 'highlight', '/assets/default-event-img.png', 0, NOW()),
(81, 'image', 'highlight', '/assets/default-event-img.png', 5, NOW()),
(91, 'image', 'gallery', '/assets/default-event-img.png', 3, NOW()),
(26, 'image', 'highlight', '/assets/default-event-img.png', 2, NOW()),
(52, 'image', 'highlight', '/assets/default-event-img.png', 0, NOW()),
(89, 'image', 'highlight', '/assets/default-event-img.png', 3, NOW()),
(74, 'image', 'gallery', '/assets/default-event-img.png', 2, NOW()),
(100, 'image', 'gallery', '/assets/default-event-img.png', 1, NOW()),
(19, 'image', 'gallery', '/assets/default-event-img.png', 4, NOW()),
(97, 'image', 'gallery', '/assets/default-event-img.png', 1, NOW()),
(35, 'image', 'gallery', '/assets/default-event-img.png', 0, NOW()),
(6, 'image', 'gallery', '/assets/default-event-img.png', 4, NOW()),
(62, 'image', 'highlight', '/assets/default-event-img.png', 5, NOW()),
(54, 'image', 'gallery', '/assets/default-event-img.png', 3, NOW()),
(14, 'image', 'highlight', '/assets/default-event-img.png', 0, NOW()),
(98, 'image', 'gallery', '/assets/default-event-img.png', 3, NOW()),
(55, 'image', 'highlight', '/assets/default-event-img.png', 4, NOW()),
(34, 'image', 'highlight', '/assets/default-event-img.png', 3, NOW()),
(95, 'image', 'gallery', '/assets/default-event-img.png', 3, NOW()),
(29, 'image', 'highlight', '/assets/default-event-img.png', 2, NOW()),
(35, 'image', 'highlight', '/assets/default-event-img.png', 0, NOW()),
(97, 'image', 'highlight', '/assets/default-event-img.png', 1, NOW()),
(42, 'image', 'highlight', '/assets/default-event-img.png', 3, NOW()),
(25, 'image', 'highlight', '/assets/default-event-img.png', 2, NOW()),
(7, 'image', 'gallery', '/assets/default-event-img.png', 4, NOW()),
(55, 'image', 'gallery', '/assets/default-event-img.png', 2, NOW()),
(25, 'image', 'highlight', '/assets/default-event-img.png', 0, NOW()),
(66, 'image', 'gallery', '/assets/default-event-img.png', 2, NOW()),
(29, 'image', 'gallery', '/assets/default-event-img.png', 3, NOW()),
(82, 'image', 'gallery', '/assets/default-event-img.png', 4, NOW()),
(3, 'image', 'highlight', '/assets/default-event-img.png', 0, NOW()),
(59, 'image', 'gallery', '/assets/default-event-img.png', 1, NOW()),
(87, 'image', 'gallery', '/assets/default-event-img.png', 3, NOW()),
(46, 'image', 'gallery', '/assets/default-event-img.png', 3, NOW()),
(98, 'image', 'gallery', '/assets/default-event-img.png', 4, NOW()),
(45, 'image', 'highlight', '/assets/default-event-img.png', 1, NOW()),
(19, 'image', 'highlight', '/assets/default-event-img.png', 4, NOW()),
(72, 'image', 'gallery', '/assets/default-event-img.png', 1, NOW()),
(79, 'image', 'gallery', '/assets/default-event-img.png', 5, NOW()),
(76, 'image', 'highlight', '/assets/default-event-img.png', 0, NOW()),
(33, 'image', 'highlight', '/assets/default-event-img.png', 4, NOW()),
(39, 'image', 'highlight', '/assets/default-event-img.png', 0, NOW()),
(64, 'image', 'gallery', '/assets/default-event-img.png', 2, NOW()),
(46, 'image', 'highlight', '/assets/default-event-img.png', 2, NOW()),
(42, 'image', 'highlight', '/assets/default-event-img.png', 0, NOW()),
(43, 'image', 'highlight', '/assets/default-event-img.png', 2, NOW()),
(66, 'image', 'highlight', '/assets/default-event-img.png', 4, NOW()),
(99, 'image', 'gallery', '/assets/default-event-img.png', 5, NOW()),
(30, 'image', 'highlight', '/assets/default-event-img.png', 4, NOW()),
(76, 'image', 'gallery', '/assets/default-event-img.png', 1, NOW()),
(26, 'image', 'gallery', '/assets/default-event-img.png', 4, NOW()),
(97, 'image', 'highlight', '/assets/default-event-img.png', 2, NOW()),
(15, 'image', 'gallery', '/assets/default-event-img.png', 3, NOW()),
(49, 'image', 'highlight', '/assets/default-event-img.png', 3, NOW()),
(6, 'image', 'highlight', '/assets/default-event-img.png', 0, NOW()),
(76, 'image', 'gallery', '/assets/default-event-img.png', 2, NOW()),
(94, 'image', 'gallery', '/assets/default-event-img.png', 1, NOW()),
(33, 'image', 'highlight', '/assets/default-event-img.png', 2, NOW()),
(10, 'image', 'highlight', '/assets/default-event-img.png', 4, NOW()),
(29, 'image', 'highlight', '/assets/default-event-img.png', 5, NOW()),
(1, 'image', 'highlight', '/assets/default-event-img.png', 5, NOW()),
(4, 'image', 'gallery', '/assets/default-event-img.png', 3, NOW()),
(40, 'image', 'highlight', '/assets/default-event-img.png', 4, NOW()),
(17, 'image', 'gallery', '/assets/default-event-img.png', 1, NOW()),
(9, 'image', 'gallery', '/assets/default-event-img.png', 0, NOW()),
(61, 'image', 'highlight', '/assets/default-event-img.png', 4, NOW()),
(98, 'image', 'gallery', '/assets/default-event-img.png', 2, NOW()),
(83, 'image', 'gallery', '/assets/default-event-img.png', 5, NOW()),
(59, 'image', 'highlight', '/assets/default-event-img.png', 5, NOW()),
(67, 'image', 'gallery', '/assets/default-event-img.png', 3, NOW()),
(73, 'image', 'gallery', '/assets/default-event-img.png', 1, NOW()),
(70, 'image', 'gallery', '/assets/default-event-img.png', 5, NOW()),
(69, 'image', 'gallery', '/assets/default-event-img.png', 3, NOW()),
(61, 'image', 'gallery', '/assets/default-event-img.png', 5, NOW()),
(29, 'image', 'highlight', '/assets/default-event-img.png', 2, NOW()),
(50, 'image', 'gallery', '/assets/default-event-img.png', 4, NOW()),
(55, 'image', 'highlight', '/assets/default-event-img.png', 0, NOW()),
(38, 'image', 'highlight', '/assets/default-event-img.png', 1, NOW()),
(31, 'image', 'gallery', '/assets/default-event-img.png', 4, NOW()),
(10, 'image', 'gallery', '/assets/default-event-img.png', 2, NOW()),
(53, 'image', 'highlight', '/assets/default-event-img.png', 4, NOW()),
(25, 'image', 'highlight', '/assets/default-event-img.png', 5, NOW()),
(75, 'image', 'highlight', '/assets/default-event-img.png', 1, NOW()),
(70, 'image', 'gallery', '/assets/default-event-img.png', 2, NOW()),
(69, 'image', 'gallery', '/assets/default-event-img.png', 1, NOW()),
(63, 'image', 'gallery', '/assets/default-event-img.png', 1, NOW()),
(95, 'image', 'highlight', '/assets/default-event-img.png', 3, NOW()),
(8, 'image', 'gallery', '/assets/default-event-img.png', 1, NOW()),
(27, 'image', 'highlight', '/assets/default-event-img.png', 3, NOW()),
(73, 'image', 'highlight', '/assets/default-event-img.png', 1, NOW()),
(62, 'image', 'gallery', '/assets/default-event-img.png', 5, NOW()),
(79, 'image', 'highlight', '/assets/default-event-img.png', 3, NOW()),
(39, 'image', 'highlight', '/assets/default-event-img.png', 4, NOW()),
(35, 'image', 'highlight', '/assets/default-event-img.png', 0, NOW()),
(12, 'image', 'highlight', '/assets/default-event-img.png', 1, NOW()),
(35, 'image', 'highlight', '/assets/default-event-img.png', 5, NOW()),
(90, 'image', 'gallery', '/assets/default-event-img.png', 0, NOW()),
(97, 'image', 'highlight', '/assets/default-event-img.png', 1, NOW()),
(88, 'image', 'gallery', '/assets/default-event-img.png', 0, NOW()),
(2, 'image', 'highlight', '/assets/default-event-img.png', 4, NOW()),
(4, 'image', 'gallery', '/assets/default-event-img.png', 0, NOW()),
(45, 'image', 'highlight', '/assets/default-event-img.png', 5, NOW()),
(90, 'image', 'gallery', '/assets/default-event-img.png', 0, NOW()),
(23, 'image', 'gallery', '/assets/default-event-img.png', 0, NOW()),
(16, 'image', 'highlight', '/assets/default-event-img.png', 3, NOW()),
(47, 'image', 'highlight', '/assets/default-event-img.png', 1, NOW()),
(12, 'image', 'highlight', '/assets/default-event-img.png', 3, NOW()),
(23, 'image', 'gallery', '/assets/default-event-img.png', 5, NOW()),
(90, 'image', 'gallery', '/assets/default-event-img.png', 0, NOW()),
(25, 'image', 'highlight', '/assets/default-event-img.png', 0, NOW()),
(66, 'image', 'highlight', '/assets/default-event-img.png', 3, NOW()),
(53, 'image', 'highlight', '/assets/default-event-img.png', 1, NOW()),
(43, 'image', 'highlight', '/assets/default-event-img.png', 0, NOW()),
(96, 'image', 'gallery', '/assets/default-event-img.png', 0, NOW()),
(57, 'image', 'gallery', '/assets/default-event-img.png', 3, NOW()),
(91, 'image', 'highlight', '/assets/default-event-img.png', 2, NOW()),
(39, 'image', 'highlight', '/assets/default-event-img.png', 0, NOW()),
(69, 'image', 'highlight', '/assets/default-event-img.png', 2, NOW()),
(82, 'image', 'highlight', '/assets/default-event-img.png', 2, NOW()),
(90, 'image', 'highlight', '/assets/default-event-img.png', 0, NOW()),
(49, 'image', 'highlight', '/assets/default-event-img.png', 3, NOW()),
(93, 'image', 'gallery', '/assets/default-event-img.png', 2, NOW()),
(69, 'image', 'highlight', '/assets/default-event-img.png', 3, NOW()),
(63, 'image', 'highlight', '/assets/default-event-img.png', 3, NOW()),
(83, 'image', 'gallery', '/assets/default-event-img.png', 2, NOW()),
(70, 'image', 'gallery', '/assets/default-event-img.png', 4, NOW()),
(29, 'image', 'gallery', '/assets/default-event-img.png', 2, NOW()),
(28, 'image', 'gallery', '/assets/default-event-img.png', 0, NOW()),
(74, 'image', 'highlight', '/assets/default-event-img.png', 0, NOW()),
(43, 'image', 'highlight', '/assets/default-event-img.png', 1, NOW()),
(46, 'image', 'gallery', '/assets/default-event-img.png', 2, NOW()),
(85, 'image', 'gallery', '/assets/default-event-img.png', 3, NOW()),
(92, 'image', 'gallery', '/assets/default-event-img.png', 1, NOW()),
(43, 'image', 'gallery', '/assets/default-event-img.png', 1, NOW()),
(37, 'image', 'gallery', '/assets/default-event-img.png', 3, NOW()),
(12, 'image', 'gallery', '/assets/default-event-img.png', 5, NOW()),
(63, 'image', 'gallery', '/assets/default-event-img.png', 3, NOW()),
(31, 'image', 'gallery', '/assets/default-event-img.png', 5, NOW()),
(63, 'image', 'gallery', '/assets/default-event-img.png', 1, NOW()),
(95, 'image', 'gallery', '/assets/default-event-img.png', 5, NOW()),
(22, 'image', 'highlight', '/assets/default-event-img.png', 4, NOW()),
(11, 'image', 'highlight', '/assets/default-event-img.png', 1, NOW()),
(41, 'image', 'highlight', '/assets/default-event-img.png', 5, NOW()),
(64, 'image', 'gallery', '/assets/default-event-img.png', 0, NOW()),
(80, 'image', 'highlight', '/assets/default-event-img.png', 5, NOW()),
(96, 'image', 'highlight', '/assets/default-event-img.png', 5, NOW()),
(5, 'image', 'highlight', '/assets/default-event-img.png', 2, NOW()),
(96, 'image', 'highlight', '/assets/default-event-img.png', 2, NOW()),
(82, 'image', 'gallery', '/assets/default-event-img.png', 5, NOW()),
(88, 'image', 'gallery', '/assets/default-event-img.png', 2, NOW()),
(17, 'image', 'gallery', '/assets/default-event-img.png', 4, NOW()),
(53, 'image', 'highlight', '/assets/default-event-img.png', 5, NOW()),
(7, 'image', 'highlight', '/assets/default-event-img.png', 1, NOW()),
(49, 'image', 'gallery', '/assets/default-event-img.png', 3, NOW()),
(35, 'image', 'highlight', '/assets/default-event-img.png', 5, NOW()),
(21, 'image', 'highlight', '/assets/default-event-img.png', 3, NOW()),
(27, 'image', 'gallery', '/assets/default-event-img.png', 2, NOW()),
(93, 'image', 'highlight', '/assets/default-event-img.png', 1, NOW()),
(12, 'image', 'highlight', '/assets/default-event-img.png', 4, NOW()),
(73, 'image', 'highlight', '/assets/default-event-img.png', 1, NOW()),
(23, 'image', 'highlight', '/assets/default-event-img.png', 0, NOW()),
(40, 'image', 'gallery', '/assets/default-event-img.png', 0, NOW()),
(48, 'image', 'highlight', '/assets/default-event-img.png', 5, NOW()),
(89, 'image', 'highlight', '/assets/default-event-img.png', 2, NOW()),
(52, 'image', 'gallery', '/assets/default-event-img.png', 2, NOW()),
(31, 'image', 'gallery', '/assets/default-event-img.png', 1, NOW()),
(66, 'image', 'highlight', '/assets/default-event-img.png', 3, NOW()),
(51, 'image', 'gallery', '/assets/default-event-img.png', 0, NOW()),
(18, 'image', 'gallery', '/assets/default-event-img.png', 4, NOW()),
(20, 'image', 'gallery', '/assets/default-event-img.png', 4, NOW()),
(82, 'image', 'highlight', '/assets/default-event-img.png', 3, NOW());

-- 12. Reviews
INSERT INTO events_eventreview (id, event_id, reviewer_id, rating, text, is_public, created_at) VALUES
(1, 63, 4, 3, 'Great event 1', true, NOW()),
(2, 89, 10, 5, 'Great event 2', true, NOW()),
(3, 16, 2, 5, 'Great event 3', true, NOW()),
(4, 94, 13, 3, 'Great event 4', true, NOW()),
(5, 38, 18, 4, 'Great event 5', true, NOW()),
(6, 49, 10, 4, 'Great event 6', true, NOW()),
(7, 7, 16, 4, 'Great event 7', true, NOW()),
(8, 8, 6, 3, 'Great event 8', true, NOW()),
(9, 1, 14, 5, 'Great event 9', true, NOW()),
(10, 15, 7, 4, 'Great event 10', true, NOW()),
(11, 41, 14, 5, 'Great event 11', true, NOW()),
(12, 26, 9, 4, 'Great event 12', true, NOW()),
(13, 39, 23, 5, 'Great event 13', true, NOW()),
(14, 82, 20, 3, 'Great event 14', true, NOW()),
(15, 61, 12, 5, 'Great event 15', true, NOW()),
(16, 16, 9, 5, 'Great event 16', true, NOW()),
(17, 90, 24, 4, 'Great event 17', true, NOW()),
(18, 28, 24, 5, 'Great event 18', true, NOW()),
(19, 17, 1, 5, 'Great event 19', true, NOW()),
(20, 93, 10, 3, 'Great event 20', true, NOW()),
(21, 99, 11, 5, 'Great event 21', true, NOW()),
(22, 15, 21, 4, 'Great event 22', true, NOW()),
(23, 87, 4, 5, 'Great event 23', true, NOW()),
(24, 20, 15, 5, 'Great event 24', true, NOW()),
(25, 50, 1, 3, 'Great event 25', true, NOW()),
(26, 95, 16, 4, 'Great event 26', true, NOW()),
(27, 12, 6, 5, 'Great event 27', true, NOW()),
(28, 86, 25, 3, 'Great event 28', true, NOW()),
(29, 19, 17, 4, 'Great event 29', true, NOW()),
(30, 63, 7, 5, 'Great event 30', true, NOW()),
(31, 39, 5, 5, 'Great event 31', true, NOW()),
(32, 92, 9, 5, 'Great event 32', true, NOW()),
(33, 63, 14, 4, 'Great event 33', true, NOW()),
(34, 36, 3, 4, 'Great event 34', true, NOW()),
(35, 59, 23, 3, 'Great event 35', true, NOW()),
(36, 7, 14, 5, 'Great event 36', true, NOW()),
(37, 42, 17, 4, 'Great event 37', true, NOW()),
(38, 44, 26, 5, 'Great event 38', true, NOW()),
(39, 95, 17, 4, 'Great event 39', true, NOW()),
(40, 99, 19, 3, 'Great event 40', true, NOW()),
(41, 33, 15, 5, 'Great event 41', true, NOW()),
(42, 3, 22, 5, 'Great event 42', true, NOW()),
(43, 35, 4, 5, 'Great event 43', true, NOW()),
(44, 70, 1, 5, 'Great event 44', true, NOW()),
(45, 41, 4, 5, 'Great event 45', true, NOW()),
(46, 13, 10, 5, 'Great event 46', true, NOW()),
(47, 30, 24, 5, 'Great event 47', true, NOW()),
(48, 89, 3, 5, 'Great event 48', true, NOW()),
(49, 27, 4, 5, 'Great event 49', true, NOW()),
(50, 94, 22, 3, 'Great event 50', true, NOW()),
(51, 54, 20, 5, 'Great event 51', true, NOW()),
(52, 84, 21, 5, 'Great event 52', true, NOW()),
(53, 12, 3, 3, 'Great event 53', true, NOW()),
(54, 66, 15, 5, 'Great event 54', true, NOW()),
(55, 97, 14, 5, 'Great event 55', true, NOW()),
(56, 90, 16, 4, 'Great event 56', true, NOW()),
(57, 81, 18, 5, 'Great event 57', true, NOW()),
(58, 56, 23, 4, 'Great event 58', true, NOW()),
(59, 79, 23, 3, 'Great event 59', true, NOW()),
(60, 93, 15, 4, 'Great event 60', true, NOW()),
(61, 45, 9, 5, 'Great event 61', true, NOW()),
(62, 95, 22, 3, 'Great event 62', true, NOW()),
(63, 56, 14, 5, 'Great event 63', true, NOW()),
(64, 29, 10, 5, 'Great event 64', true, NOW()),
(65, 23, 24, 3, 'Great event 65', true, NOW()),
(66, 64, 25, 5, 'Great event 66', true, NOW()),
(67, 47, 8, 5, 'Great event 67', true, NOW()),
(68, 41, 24, 4, 'Great event 68', true, NOW()),
(69, 29, 8, 5, 'Great event 69', true, NOW()),
(70, 58, 21, 4, 'Great event 70', true, NOW()),
(71, 44, 23, 4, 'Great event 71', true, NOW()),
(72, 84, 12, 4, 'Great event 72', true, NOW()),
(73, 12, 15, 5, 'Great event 73', true, NOW()),
(74, 53, 2, 5, 'Great event 74', true, NOW()),
(75, 26, 26, 4, 'Great event 75', true, NOW()),
(76, 13, 3, 4, 'Great event 76', true, NOW()),
(77, 42, 26, 5, 'Great event 77', true, NOW()),
(78, 22, 24, 3, 'Great event 78', true, NOW()),
(79, 61, 11, 5, 'Great event 79', true, NOW()),
(80, 71, 12, 5, 'Great event 80', true, NOW()),
(81, 64, 17, 3, 'Great event 81', true, NOW()),
(82, 67, 5, 5, 'Great event 82', true, NOW()),
(83, 95, 9, 4, 'Great event 83', true, NOW()),
(84, 53, 4, 3, 'Great event 84', true, NOW()),
(85, 35, 19, 5, 'Great event 85', true, NOW()),
(86, 96, 13, 5, 'Great event 86', true, NOW()),
(87, 59, 3, 5, 'Great event 87', true, NOW()),
(88, 45, 2, 5, 'Great event 88', true, NOW()),
(89, 87, 12, 5, 'Great event 89', true, NOW()),
(90, 34, 8, 4, 'Great event 90', true, NOW()),
(91, 64, 4, 4, 'Great event 91', true, NOW()),
(92, 46, 19, 5, 'Great event 92', true, NOW()),
(93, 6, 22, 4, 'Great event 93', true, NOW()),
(94, 33, 6, 5, 'Great event 94', true, NOW()),
(95, 60, 24, 5, 'Great event 95', true, NOW()),
(96, 47, 1, 5, 'Great event 96', true, NOW()),
(97, 50, 13, 5, 'Great event 97', true, NOW()),
(98, 74, 15, 4, 'Great event 98', true, NOW()),
(99, 1, 20, 3, 'Great event 99', true, NOW()),
(100, 10, 18, 5, 'Great event 100', true, NOW()),
(101, 62, 23, 5, 'Great event 101', true, NOW()),
(102, 18, 16, 5, 'Great event 102', true, NOW()),
(103, 22, 9, 4, 'Great event 103', true, NOW()),
(104, 86, 8, 3, 'Great event 104', true, NOW()),
(105, 37, 4, 5, 'Great event 105', true, NOW()),
(106, 26, 5, 4, 'Great event 106', true, NOW()),
(107, 24, 16, 5, 'Great event 107', true, NOW()),
(108, 67, 8, 5, 'Great event 108', true, NOW()),
(109, 57, 18, 5, 'Great event 109', true, NOW()),
(110, 27, 14, 3, 'Great event 110', true, NOW()),
(111, 90, 11, 4, 'Great event 111', true, NOW()),
(112, 66, 13, 5, 'Great event 112', true, NOW()),
(113, 2, 14, 5, 'Great event 113', true, NOW()),
(114, 78, 15, 5, 'Great event 114', true, NOW()),
(115, 12, 14, 3, 'Great event 115', true, NOW()),
(116, 73, 17, 5, 'Great event 116', true, NOW()),
(117, 62, 4, 5, 'Great event 117', true, NOW()),
(118, 78, 1, 5, 'Great event 118', true, NOW()),
(119, 48, 9, 5, 'Great event 119', true, NOW()),
(120, 53, 24, 5, 'Great event 120', true, NOW()),
(121, 74, 13, 4, 'Great event 121', true, NOW()),
(122, 65, 14, 3, 'Great event 122', true, NOW()),
(123, 55, 1, 3, 'Great event 123', true, NOW()),
(124, 47, 18, 5, 'Great event 124', true, NOW()),
(125, 26, 6, 4, 'Great event 125', true, NOW()),
(126, 95, 25, 4, 'Great event 126', true, NOW()),
(127, 84, 26, 4, 'Great event 127', true, NOW()),
(128, 27, 20, 5, 'Great event 128', true, NOW()),
(129, 59, 15, 3, 'Great event 129', true, NOW()),
(130, 100, 19, 5, 'Great event 130', true, NOW()),
(131, 94, 21, 5, 'Great event 131', true, NOW()),
(132, 88, 3, 5, 'Great event 132', true, NOW()),
(133, 1, 5, 4, 'Great event 133', true, NOW()),
(134, 37, 9, 5, 'Great event 134', true, NOW()),
(135, 21, 14, 5, 'Great event 135', true, NOW()),
(136, 65, 24, 5, 'Great event 136', true, NOW()),
(137, 65, 17, 5, 'Great event 137', true, NOW()),
(138, 2, 18, 5, 'Great event 138', true, NOW()),
(139, 46, 12, 5, 'Great event 139', true, NOW()),
(140, 52, 12, 4, 'Great event 140', true, NOW()),
(141, 51, 26, 5, 'Great event 141', true, NOW()),
(142, 50, 12, 3, 'Great event 142', true, NOW()),
(143, 22, 26, 3, 'Great event 143', true, NOW()),
(144, 85, 21, 5, 'Great event 144', true, NOW()),
(145, 91, 23, 4, 'Great event 145', true, NOW()),
(146, 6, 5, 5, 'Great event 146', true, NOW()),
(147, 96, 24, 4, 'Great event 147', true, NOW()),
(148, 88, 20, 4, 'Great event 148', true, NOW()),
(149, 3, 18, 5, 'Great event 149', true, NOW()),
(150, 100, 9, 5, 'Great event 150', true, NOW());

INSERT INTO events_eventreviewmedia (review_id, file, created_at) VALUES
(2, '/assets/default-event-img.png', NOW()),
(6, '/assets/default-event-img.png', NOW()),
(13, '/assets/default-event-img.png', NOW()),
(14, '/assets/default-event-img.png', NOW()),
(23, '/assets/default-event-img.png', NOW()),
(27, '/assets/default-event-img.png', NOW()),
(38, '/assets/default-event-img.png', NOW()),
(47, '/assets/default-event-img.png', NOW()),
(51, '/assets/default-event-img.png', NOW()),
(54, '/assets/default-event-img.png', NOW()),
(59, '/assets/default-event-img.png', NOW()),
(63, '/assets/default-event-img.png', NOW()),
(64, '/assets/default-event-img.png', NOW()),
(71, '/assets/default-event-img.png', NOW()),
(72, '/assets/default-event-img.png', NOW()),
(74, '/assets/default-event-img.png', NOW()),
(77, '/assets/default-event-img.png', NOW()),
(85, '/assets/default-event-img.png', NOW()),
(86, '/assets/default-event-img.png', NOW()),
(90, '/assets/default-event-img.png', NOW()),
(91, '/assets/default-event-img.png', NOW()),
(95, '/assets/default-event-img.png', NOW()),
(99, '/assets/default-event-img.png', NOW()),
(104, '/assets/default-event-img.png', NOW()),
(113, '/assets/default-event-img.png', NOW()),
(118, '/assets/default-event-img.png', NOW()),
(125, '/assets/default-event-img.png', NOW()),
(128, '/assets/default-event-img.png', NOW()),
(129, '/assets/default-event-img.png', NOW()),
(130, '/assets/default-event-img.png', NOW()),
(135, '/assets/default-event-img.png', NOW()),
(136, '/assets/default-event-img.png', NOW()),
(145, '/assets/default-event-img.png', NOW()),
(146, '/assets/default-event-img.png', NOW());

INSERT INTO events_eventvendorreview (event_review_id, vendor_id, rating, text, created_at) VALUES
(8, 5, 3, 'Good vendor 8', NOW()),
(19, 1, 5, 'Good vendor 19', NOW()),
(25, 1, 3, 'Good vendor 25', NOW()),
(28, 5, 3, 'Good vendor 28', NOW()),
(29, 7, 4, 'Good vendor 29', NOW()),
(31, 6, 5, 'Good vendor 31', NOW()),
(38, 2, 5, 'Good vendor 38', NOW()),
(51, 1, 5, 'Good vendor 51', NOW()),
(54, 5, 5, 'Good vendor 54', NOW()),
(58, 6, 4, 'Good vendor 58', NOW()),
(72, 2, 4, 'Good vendor 72', NOW()),
(73, 4, 5, 'Good vendor 73', NOW()),
(76, 5, 4, 'Good vendor 76', NOW()),
(87, 2, 5, 'Good vendor 87', NOW()),
(89, 1, 5, 'Good vendor 89', NOW()),
(99, 5, 3, 'Good vendor 99', NOW()),
(111, 5, 4, 'Good vendor 111', NOW()),
(114, 4, 5, 'Good vendor 114', NOW()),
(115, 2, 3, 'Good vendor 115', NOW()),
(120, 7, 5, 'Good vendor 120', NOW()),
(122, 9, 3, 'Good vendor 122', NOW()),
(131, 2, 5, 'Good vendor 131', NOW()),
(133, 3, 4, 'Good vendor 133', NOW()),
(145, 2, 4, 'Good vendor 145', NOW()),
(150, 4, 5, 'Good vendor 150', NOW());

INSERT INTO vendors_vendorreview (vendor_service_id, reviewer_id, event_id, rating, text, is_public, created_at) VALUES
(1, 4, NULL, 5, 'Great service!', true, NOW()),
(2, 9, NULL, 5, 'Great service!', true, NOW()),
(8, 14, NULL, 5, 'Great service!', true, NOW()),
(9, 18, NULL, 5, 'Great service!', true, NOW()),
(9, 25, NULL, 5, 'Great service!', true, NOW()),
(10, 18, NULL, 5, 'Great service!', true, NOW()),
(2, 26, NULL, 5, 'Great service!', true, NOW()),
(6, 24, NULL, 5, 'Great service!', true, NOW()),
(7, 3, NULL, 5, 'Great service!', true, NOW()),
(5, 15, NULL, 5, 'Great service!', true, NOW()),
(6, 1, NULL, 5, 'Great service!', true, NOW()),
(8, 4, NULL, 5, 'Great service!', true, NOW()),
(9, 3, NULL, 5, 'Great service!', true, NOW()),
(5, 1, NULL, 5, 'Great service!', true, NOW()),
(6, 7, NULL, 5, 'Great service!', true, NOW()),
(6, 15, NULL, 5, 'Great service!', true, NOW()),
(10, 11, NULL, 5, 'Great service!', true, NOW()),
(3, 26, NULL, 5, 'Great service!', true, NOW()),
(2, 8, NULL, 5, 'Great service!', true, NOW()),
(8, 26, NULL, 5, 'Great service!', true, NOW()),
(5, 16, NULL, 5, 'Great service!', true, NOW()),
(6, 26, NULL, 5, 'Great service!', true, NOW()),
(3, 14, NULL, 5, 'Great service!', true, NOW()),
(10, 10, NULL, 5, 'Great service!', true, NOW()),
(6, 22, NULL, 5, 'Great service!', true, NOW()),
(10, 22, NULL, 5, 'Great service!', true, NOW()),
(4, 3, NULL, 5, 'Great service!', true, NOW()),
(5, 7, NULL, 5, 'Great service!', true, NOW()),
(1, 21, NULL, 5, 'Great service!', true, NOW()),
(10, 1, NULL, 5, 'Great service!', true, NOW()),
(10, 21, NULL, 5, 'Great service!', true, NOW()),
(9, 15, NULL, 5, 'Great service!', true, NOW()),
(10, 5, NULL, 5, 'Great service!', true, NOW()),
(2, 18, NULL, 5, 'Great service!', true, NOW()),
(3, 23, NULL, 5, 'Great service!', true, NOW()),
(2, 14, NULL, 5, 'Great service!', true, NOW()),
(7, 14, NULL, 5, 'Great service!', true, NOW()),
(9, 26, NULL, 5, 'Great service!', true, NOW()),
(9, 9, NULL, 5, 'Great service!', true, NOW()),
(8, 3, NULL, 5, 'Great service!', true, NOW()),
(3, 24, NULL, 5, 'Great service!', true, NOW()),
(4, 7, NULL, 5, 'Great service!', true, NOW()),
(1, 20, NULL, 5, 'Great service!', true, NOW()),
(10, 17, NULL, 5, 'Great service!', true, NOW()),
(6, 21, NULL, 5, 'Great service!', true, NOW()),
(6, 12, NULL, 5, 'Great service!', true, NOW()),
(5, 20, NULL, 5, 'Great service!', true, NOW()),
(4, 9, NULL, 5, 'Great service!', true, NOW()),
(2, 13, NULL, 5, 'Great service!', true, NOW()),
(4, 20, NULL, 5, 'Great service!', true, NOW());

-- 13. Requests
INSERT INTO requests_eventrequest (id, requester_id, title, description, category_id, location_city, upvote_count, fulfilled_event_id, status, created_at) VALUES
(1, 8, 'Request 1', 'Need 1', 1, 'Houston', 1, NULL, 'open', NOW()),
(2, 24, 'Request 2', 'Need 2', 11, 'Los Angeles', 10, NULL, 'open', NOW()),
(3, 5, 'Request 3', 'Need 3', 2, 'London', 1, NULL, 'open', NOW()),
(4, 11, 'Request 4', 'Need 4', 4, 'Miami', 7, NULL, 'open', NOW()),
(5, 24, 'Request 5', 'Need 5', 6, 'Los Angeles', 3, NULL, 'open', NOW()),
(6, 11, 'Request 6', 'Need 6', 9, 'Houston', 9, NULL, 'open', NOW()),
(7, 24, 'Request 7', 'Need 7', 5, 'Los Angeles', 7, NULL, 'open', NOW()),
(8, 15, 'Request 8', 'Need 8', 6, 'New York', 7, NULL, 'open', NOW()),
(9, 7, 'Request 9', 'Need 9', 3, 'Chicago', 7, NULL, 'open', NOW()),
(10, 7, 'Request 10', 'Need 10', 3, 'Houston', 2, NULL, 'open', NOW()),
(11, 3, 'Request 11', 'Need 11', 7, 'Toronto', 9, NULL, 'open', NOW()),
(12, 25, 'Request 12', 'Need 12', 8, 'New York', 5, NULL, 'open', NOW()),
(13, 4, 'Request 13', 'Need 13', 2, 'Chicago', 3, NULL, 'open', NOW()),
(14, 1, 'Request 14', 'Need 14', 9, 'London', 10, NULL, 'open', NOW()),
(15, 12, 'Request 15', 'Need 15', 9, 'New York', 1, NULL, 'open', NOW()),
(16, 3, 'Request 16', 'Need 16', 6, 'Toronto', 9, NULL, 'open', NOW()),
(17, 24, 'Request 17', 'Need 17', 1, 'Toronto', 7, NULL, 'open', NOW()),
(18, 19, 'Request 18', 'Need 18', 3, 'Chicago', 9, NULL, 'open', NOW()),
(19, 5, 'Request 19', 'Need 19', 10, 'Toronto', 1, NULL, 'open', NOW()),
(20, 6, 'Request 20', 'Need 20', 11, 'Los Angeles', 5, NULL, 'open', NOW()),
(21, 19, 'Request 21', 'Need 21', 9, 'Chicago', 8, NULL, 'open', NOW()),
(22, 26, 'Request 22', 'Need 22', 7, 'Chicago', 8, NULL, 'open', NOW()),
(23, 7, 'Request 23', 'Need 23', 1, 'London', 0, NULL, 'open', NOW()),
(24, 7, 'Request 24', 'Need 24', 12, 'Houston', 9, NULL, 'open', NOW()),
(25, 10, 'Request 25', 'Need 25', 12, 'Los Angeles', 7, NULL, 'open', NOW()),
(26, 18, 'Request 26', 'Need 26', 6, 'Houston', 9, NULL, 'open', NOW()),
(27, 5, 'Request 27', 'Need 27', 4, 'New York', 1, NULL, 'open', NOW()),
(28, 16, 'Request 28', 'Need 28', 1, 'Chicago', 1, NULL, 'open', NOW()),
(29, 26, 'Request 29', 'Need 29', 1, 'Miami', 6, NULL, 'open', NOW()),
(30, 17, 'Request 30', 'Need 30', 1, 'Chicago', 0, NULL, 'open', NOW());

INSERT INTO requests_requestupvote (request_id, user_id, created_at) VALUES
(1, 16, NOW()),
(2, 21, NOW()),
(2, 7, NOW()),
(2, 9, NOW()),
(2, 17, NOW()),
(2, 5, NOW()),
(2, 1, NOW()),
(2, 11, NOW()),
(2, 16, NOW()),
(2, 12, NOW()),
(2, 13, NOW()),
(3, 15, NOW()),
(4, 4, NOW()),
(4, 9, NOW()),
(4, 25, NOW()),
(4, 2, NOW()),
(4, 20, NOW()),
(4, 16, NOW()),
(4, 24, NOW()),
(5, 12, NOW()),
(5, 22, NOW()),
(5, 13, NOW()),
(6, 4, NOW()),
(6, 14, NOW()),
(6, 17, NOW()),
(6, 9, NOW()),
(6, 2, NOW()),
(6, 15, NOW()),
(6, 21, NOW()),
(6, 5, NOW()),
(6, 19, NOW()),
(7, 21, NOW()),
(7, 8, NOW()),
(7, 4, NOW()),
(7, 15, NOW()),
(7, 7, NOW()),
(7, 2, NOW()),
(7, 17, NOW()),
(8, 18, NOW()),
(8, 8, NOW()),
(8, 16, NOW()),
(8, 4, NOW()),
(8, 3, NOW()),
(8, 5, NOW()),
(8, 11, NOW()),
(9, 2, NOW()),
(9, 18, NOW()),
(9, 21, NOW()),
(9, 22, NOW()),
(9, 11, NOW()),
(9, 26, NOW()),
(9, 25, NOW()),
(10, 25, NOW()),
(10, 5, NOW()),
(11, 22, NOW()),
(11, 13, NOW()),
(11, 17, NOW()),
(11, 3, NOW()),
(11, 20, NOW()),
(11, 26, NOW()),
(11, 24, NOW()),
(11, 6, NOW()),
(11, 2, NOW()),
(12, 5, NOW()),
(12, 16, NOW()),
(12, 14, NOW()),
(12, 1, NOW()),
(12, 2, NOW()),
(13, 10, NOW()),
(13, 20, NOW()),
(13, 2, NOW()),
(14, 17, NOW()),
(14, 18, NOW()),
(14, 4, NOW()),
(14, 26, NOW()),
(14, 21, NOW()),
(14, 22, NOW()),
(14, 15, NOW()),
(14, 5, NOW()),
(14, 14, NOW()),
(14, 23, NOW()),
(15, 12, NOW()),
(16, 14, NOW()),
(16, 24, NOW()),
(16, 6, NOW()),
(16, 19, NOW()),
(16, 11, NOW()),
(16, 1, NOW()),
(16, 17, NOW()),
(16, 13, NOW()),
(16, 5, NOW()),
(17, 15, NOW()),
(17, 5, NOW()),
(17, 17, NOW()),
(17, 13, NOW()),
(17, 16, NOW()),
(17, 7, NOW()),
(17, 24, NOW()),
(18, 9, NOW()),
(18, 21, NOW()),
(18, 18, NOW()),
(18, 8, NOW()),
(18, 17, NOW()),
(18, 7, NOW()),
(18, 15, NOW()),
(18, 26, NOW()),
(18, 1, NOW()),
(19, 9, NOW()),
(20, 5, NOW()),
(20, 9, NOW()),
(20, 6, NOW()),
(20, 20, NOW()),
(20, 21, NOW()),
(21, 24, NOW()),
(21, 18, NOW()),
(21, 16, NOW()),
(21, 20, NOW()),
(21, 21, NOW()),
(21, 1, NOW()),
(21, 13, NOW()),
(21, 10, NOW()),
(22, 5, NOW()),
(22, 14, NOW()),
(22, 8, NOW()),
(22, 11, NOW()),
(22, 6, NOW()),
(22, 7, NOW()),
(22, 12, NOW()),
(22, 17, NOW()),
(24, 23, NOW()),
(24, 10, NOW()),
(24, 7, NOW()),
(24, 12, NOW()),
(24, 5, NOW()),
(24, 25, NOW()),
(24, 13, NOW()),
(24, 26, NOW()),
(24, 15, NOW()),
(25, 14, NOW()),
(25, 12, NOW()),
(25, 17, NOW()),
(25, 15, NOW()),
(25, 8, NOW()),
(25, 2, NOW()),
(25, 18, NOW()),
(26, 10, NOW()),
(26, 7, NOW()),
(26, 4, NOW()),
(26, 16, NOW()),
(26, 6, NOW()),
(26, 20, NOW()),
(26, 8, NOW()),
(26, 14, NOW()),
(26, 22, NOW()),
(27, 15, NOW()),
(28, 10, NOW()),
(29, 24, NOW()),
(29, 14, NOW()),
(29, 18, NOW()),
(29, 10, NOW()),
(29, 19, NOW()),
(29, 6, NOW());

INSERT INTO requests_requestwishlist (request_id, user_id, wishlist_as, created_at) VALUES
(3, 12, 'vendor', NOW()),
(4, 10, 'vendor', NOW()),
(6, 15, 'vendor', NOW()),
(7, 6, 'vendor', NOW()),
(9, 15, 'vendor', NOW()),
(10, 6, 'vendor', NOW()),
(11, 6, 'vendor', NOW()),
(12, 7, 'vendor', NOW()),
(15, 6, 'vendor', NOW()),
(16, 14, 'vendor', NOW()),
(17, 7, 'vendor', NOW()),
(19, 12, 'vendor', NOW()),
(21, 11, 'vendor', NOW()),
(22, 15, 'vendor', NOW()),
(23, 11, 'vendor', NOW()),
(25, 14, 'vendor', NOW()),
(27, 11, 'vendor', NOW());
