-- seed_supabase.sql
-- Pure SQL seed script for Supabase
-- Can be run directly in the Supabase SQL Editor

-- 1. Wipe existing data
TRUNCATE auth_user,
         events_eventcategory,
         profiles_userprofile,
         vendors_vendorservice,
         events_eventseries,
         events_event,
         events_eventlifecycletransition,
         needs_eventneed,
         needs_needapplication,
         needs_needinvite,
         tickets_ticket,
         events_eventhighlight,
         events_eventmedia,
         events_eventreview,
         events_eventreviewmedia,
         events_eventvendorreview,
         vendors_vendorreview,
         events_eventinterest,
         events_eventview,
         requests_eventrequest,
         requests_requestupvote,
         requests_requestwishlist,
         events_eventseriesneedtemplate RESTART IDENTITY CASCADE;

-- 2. Insert Categories
INSERT INTO events_eventcategory (id, name, slug, icon) VALUES 
(1, 'Music', 'music', 'music'),
(2, 'Food & Drink', 'food-drink', 'utensils'),
(3, 'Nightlife', 'nightlife', 'moon'),
(4, 'Sports & Fitness', 'sports-fitness', 'dumbbell'),
(5, 'Arts & Culture', 'arts-culture', 'palette'),
(6, 'Tech & Innovation', 'tech-innovation', 'cpu'),
(7, 'Workshops & Classes', 'workshops-classes', 'book-open'),
(8, 'Outdoors & Adventure', 'outdoors-adventure', 'mountain'),
(9, 'Comedy', 'comedy', 'laugh'),
(10, 'Networking & Social', 'networking-social', 'users'),
(11, 'Festivals', 'festivals', 'party-popper'),
(12, 'Community', 'community', 'heart-handshake');

-- 3. Insert Users (auth_user)
INSERT INTO auth_user (id, password, is_superuser, username, first_name, last_name, email, is_staff, is_active, date_joined) VALUES
(1, 'pbkdf2_sha256$1000000$VKbLmOhxxG1Zdh9Bp5fHj8$OJLeailf/xcBuCdoaUw/ldIKCWJYCWMVMyK+NOGk4F0=', true, 'root', 'root', 'root', 'root@root.com', true, true, NOW()),
(2, 'pbkdf2_sha256$1000000$VKbLmOhxxG1Zdh9Bp5fHj8$OJLeailf/xcBuCdoaUw/ldIKCWJYCWMVMyK+NOGk4F0=', false, 'user2', 'Grace', 'Garcia', 'user2@example.com', false, true, NOW()),
(3, 'pbkdf2_sha256$1000000$VKbLmOhxxG1Zdh9Bp5fHj8$OJLeailf/xcBuCdoaUw/ldIKCWJYCWMVMyK+NOGk4F0=', false, 'user3', 'Quinn', 'Rodriguez', 'user3@example.com', false, true, NOW()),
(4, 'pbkdf2_sha256$1000000$VKbLmOhxxG1Zdh9Bp5fHj8$OJLeailf/xcBuCdoaUw/ldIKCWJYCWMVMyK+NOGk4F0=', false, 'user4', 'Ivan', 'Martinez', 'user4@example.com', false, true, NOW()),
(5, 'pbkdf2_sha256$1000000$VKbLmOhxxG1Zdh9Bp5fHj8$OJLeailf/xcBuCdoaUw/ldIKCWJYCWMVMyK+NOGk4F0=', false, 'user5', 'Rupert', 'Jones', 'user5@example.com', false, true, NOW()),
(6, 'pbkdf2_sha256$1000000$VKbLmOhxxG1Zdh9Bp5fHj8$OJLeailf/xcBuCdoaUw/ldIKCWJYCWMVMyK+NOGk4F0=', false, 'user6', 'Heidi', 'Brown', 'user6@example.com', false, true, NOW()),
(7, 'pbkdf2_sha256$1000000$VKbLmOhxxG1Zdh9Bp5fHj8$OJLeailf/xcBuCdoaUw/ldIKCWJYCWMVMyK+NOGk4F0=', false, 'user7', 'Judy', 'Williams', 'user7@example.com', false, true, NOW()),
(8, 'pbkdf2_sha256$1000000$VKbLmOhxxG1Zdh9Bp5fHj8$OJLeailf/xcBuCdoaUw/ldIKCWJYCWMVMyK+NOGk4F0=', false, 'user8', 'Quinn', 'Garcia', 'user8@example.com', false, true, NOW()),
(9, 'pbkdf2_sha256$1000000$VKbLmOhxxG1Zdh9Bp5fHj8$OJLeailf/xcBuCdoaUw/ldIKCWJYCWMVMyK+NOGk4F0=', false, 'user9', 'Nancy', 'Jones', 'user9@example.com', false, true, NOW()),
(10, 'pbkdf2_sha256$1000000$VKbLmOhxxG1Zdh9Bp5fHj8$OJLeailf/xcBuCdoaUw/ldIKCWJYCWMVMyK+NOGk4F0=', false, 'user10', 'Yvonne', 'Davis', 'user10@example.com', false, true, NOW()),
(11, 'pbkdf2_sha256$1000000$VKbLmOhxxG1Zdh9Bp5fHj8$OJLeailf/xcBuCdoaUw/ldIKCWJYCWMVMyK+NOGk4F0=', false, 'user11', 'Grace', 'Jones', 'user11@example.com', false, true, NOW()),
(12, 'pbkdf2_sha256$1000000$VKbLmOhxxG1Zdh9Bp5fHj8$OJLeailf/xcBuCdoaUw/ldIKCWJYCWMVMyK+NOGk4F0=', false, 'user12', 'Mike', 'Johnson', 'user12@example.com', false, true, NOW()),
(13, 'pbkdf2_sha256$1000000$VKbLmOhxxG1Zdh9Bp5fHj8$OJLeailf/xcBuCdoaUw/ldIKCWJYCWMVMyK+NOGk4F0=', false, 'user13', 'Karl', 'Miller', 'user13@example.com', false, true, NOW()),
(14, 'pbkdf2_sha256$1000000$VKbLmOhxxG1Zdh9Bp5fHj8$OJLeailf/xcBuCdoaUw/ldIKCWJYCWMVMyK+NOGk4F0=', false, 'user14', 'Trent', 'Martinez', 'user14@example.com', false, true, NOW()),
(15, 'pbkdf2_sha256$1000000$VKbLmOhxxG1Zdh9Bp5fHj8$OJLeailf/xcBuCdoaUw/ldIKCWJYCWMVMyK+NOGk4F0=', false, 'user15', 'Nancy', 'Brown', 'user15@example.com', false, true, NOW()),
(16, 'pbkdf2_sha256$1000000$VKbLmOhxxG1Zdh9Bp5fHj8$OJLeailf/xcBuCdoaUw/ldIKCWJYCWMVMyK+NOGk4F0=', false, 'user16', 'Nancy', 'Miller', 'user16@example.com', false, true, NOW()),
(17, 'pbkdf2_sha256$1000000$VKbLmOhxxG1Zdh9Bp5fHj8$OJLeailf/xcBuCdoaUw/ldIKCWJYCWMVMyK+NOGk4F0=', false, 'user17', 'Linda', 'Martinez', 'user17@example.com', false, true, NOW()),
(18, 'pbkdf2_sha256$1000000$VKbLmOhxxG1Zdh9Bp5fHj8$OJLeailf/xcBuCdoaUw/ldIKCWJYCWMVMyK+NOGk4F0=', false, 'user18', 'Bob', 'Rodriguez', 'user18@example.com', false, true, NOW()),
(19, 'pbkdf2_sha256$1000000$VKbLmOhxxG1Zdh9Bp5fHj8$OJLeailf/xcBuCdoaUw/ldIKCWJYCWMVMyK+NOGk4F0=', false, 'user19', 'Zack', 'Williams', 'user19@example.com', false, true, NOW()),
(20, 'pbkdf2_sha256$1000000$VKbLmOhxxG1Zdh9Bp5fHj8$OJLeailf/xcBuCdoaUw/ldIKCWJYCWMVMyK+NOGk4F0=', false, 'user20', 'Wendy', 'Rodriguez', 'user20@example.com', false, true, NOW()),
(21, 'pbkdf2_sha256$1000000$VKbLmOhxxG1Zdh9Bp5fHj8$OJLeailf/xcBuCdoaUw/ldIKCWJYCWMVMyK+NOGk4F0=', false, 'user21', 'Charlie', 'Williams', 'user21@example.com', false, true, NOW()),
(22, 'pbkdf2_sha256$1000000$VKbLmOhxxG1Zdh9Bp5fHj8$OJLeailf/xcBuCdoaUw/ldIKCWJYCWMVMyK+NOGk4F0=', false, 'user22', 'Sybil', 'Williams', 'user22@example.com', false, true, NOW()),
(23, 'pbkdf2_sha256$1000000$VKbLmOhxxG1Zdh9Bp5fHj8$OJLeailf/xcBuCdoaUw/ldIKCWJYCWMVMyK+NOGk4F0=', false, 'user23', 'Peggy', 'Garcia', 'user23@example.com', false, true, NOW()),
(24, 'pbkdf2_sha256$1000000$VKbLmOhxxG1Zdh9Bp5fHj8$OJLeailf/xcBuCdoaUw/ldIKCWJYCWMVMyK+NOGk4F0=', false, 'user24', 'Quinn', 'Davis', 'user24@example.com', false, true, NOW()),
(25, 'pbkdf2_sha256$1000000$VKbLmOhxxG1Zdh9Bp5fHj8$OJLeailf/xcBuCdoaUw/ldIKCWJYCWMVMyK+NOGk4F0=', false, 'user25', 'Karl', 'Jones', 'user25@example.com', false, true, NOW()),
(26, 'pbkdf2_sha256$1000000$VKbLmOhxxG1Zdh9Bp5fHj8$OJLeailf/xcBuCdoaUw/ldIKCWJYCWMVMyK+NOGk4F0=', false, 'user26', 'Karl', 'Miller', 'user26@example.com', false, true, NOW());

-- 4. Insert Profiles
INSERT INTO profiles_userprofile (user_id, phone_number, bio, headline, showcase_bio, avatar, cover_photo, location_city, created_at, updated_at) VALUES
(1, '555-0001', 'Hi, I love events', 'Enthusiastic User', '', 'test-image.jpg', 'test-image.jpg', 'New York', NOW(), NOW()),
(2, '555-0002', 'Hi, I love events', 'Enthusiastic User', '', 'test-image.jpg', 'test-image.jpg', 'Toronto', NOW(), NOW()),
(3, '555-0003', 'Hi, I love events', 'Enthusiastic User', '', 'test-image.jpg', 'test-image.jpg', 'Toronto', NOW(), NOW()),
(4, '555-0004', 'Hi, I love events', 'Enthusiastic User', '', 'test-image.jpg', 'test-image.jpg', 'London', NOW(), NOW()),
(5, '555-0005', 'Hi, I love events', 'Enthusiastic User', '', 'test-image.jpg', 'test-image.jpg', 'Houston', NOW(), NOW()),
(6, '555-0006', 'Hi, I love events', 'Enthusiastic User', '', 'test-image.jpg', 'test-image.jpg', 'London', NOW(), NOW()),
(7, '555-0007', 'Hi, I love events', 'Enthusiastic User', '', 'test-image.jpg', 'test-image.jpg', 'Miami', NOW(), NOW()),
(8, '555-0008', 'Hi, I love events', 'Enthusiastic User', '', 'test-image.jpg', 'test-image.jpg', 'Miami', NOW(), NOW()),
(9, '555-0009', 'Hi, I love events', 'Enthusiastic User', '', 'test-image.jpg', 'test-image.jpg', 'Houston', NOW(), NOW()),
(10, '555-0010', 'Hi, I love events', 'Enthusiastic User', '', 'test-image.jpg', 'test-image.jpg', 'Houston', NOW(), NOW()),
(11, '555-0011', 'Hi, I love events', 'Enthusiastic User', '', 'test-image.jpg', 'test-image.jpg', 'London', NOW(), NOW()),
(12, '555-0012', 'Hi, I love events', 'Enthusiastic User', '', 'test-image.jpg', 'test-image.jpg', 'Toronto', NOW(), NOW()),
(13, '555-0013', 'Hi, I love events', 'Enthusiastic User', '', 'test-image.jpg', 'test-image.jpg', 'New York', NOW(), NOW()),
(14, '555-0014', 'Hi, I love events', 'Enthusiastic User', '', 'test-image.jpg', 'test-image.jpg', 'New York', NOW(), NOW()),
(15, '555-0015', 'Hi, I love events', 'Enthusiastic User', '', 'test-image.jpg', 'test-image.jpg', 'Chicago', NOW(), NOW()),
(16, '555-0016', 'Hi, I love events', 'Enthusiastic User', '', 'test-image.jpg', 'test-image.jpg', 'Los Angeles', NOW(), NOW()),
(17, '555-0017', 'Hi, I love events', 'Enthusiastic User', '', 'test-image.jpg', 'test-image.jpg', 'London', NOW(), NOW()),
(18, '555-0018', 'Hi, I love events', 'Enthusiastic User', '', 'test-image.jpg', 'test-image.jpg', 'Los Angeles', NOW(), NOW()),
(19, '555-0019', 'Hi, I love events', 'Enthusiastic User', '', 'test-image.jpg', 'test-image.jpg', 'London', NOW(), NOW()),
(20, '555-0020', 'Hi, I love events', 'Enthusiastic User', '', 'test-image.jpg', 'test-image.jpg', 'Miami', NOW(), NOW()),
(21, '555-0021', 'Hi, I love events', 'Enthusiastic User', '', 'test-image.jpg', 'test-image.jpg', 'Toronto', NOW(), NOW()),
(22, '555-0022', 'Hi, I love events', 'Enthusiastic User', '', 'test-image.jpg', 'test-image.jpg', 'Toronto', NOW(), NOW()),
(23, '555-0023', 'Hi, I love events', 'Enthusiastic User', '', 'test-image.jpg', 'test-image.jpg', 'Toronto', NOW(), NOW()),
(24, '555-0024', 'Hi, I love events', 'Enthusiastic User', '', 'test-image.jpg', 'test-image.jpg', 'Los Angeles', NOW(), NOW()),
(25, '555-0025', 'Hi, I love events', 'Enthusiastic User', '', 'test-image.jpg', 'test-image.jpg', 'Houston', NOW(), NOW()),
(26, '555-0026', 'Hi, I love events', 'Enthusiastic User', '', 'test-image.jpg', 'test-image.jpg', 'Houston', NOW(), NOW());

-- 5. Insert Vendor Services
INSERT INTO vendors_vendorservice (id, vendor_id, title, description, category, visibility, base_price, portfolio_image, location_city, is_active, created_at, updated_at) VALUES
(1, 6, 'Catering Services 1', 'Premium Catering services', 'Catering', 'customer_facing', 1395.00, 'test-image.jpg', 'Miami', true, NOW(), NOW()),
(2, 7, 'Photography Services 2', 'Premium Photography services', 'Photography', 'customer_facing', 1383.00, 'test-image.jpg', 'London', true, NOW(), NOW()),
(3, 8, 'Catering Services 3', 'Premium Catering services', 'Catering', 'customer_facing', 1176.00, 'test-image.jpg', 'Toronto', true, NOW(), NOW()),
(4, 9, 'Photography Services 4', 'Premium Photography services', 'Photography', 'customer_facing', 651.00, 'test-image.jpg', 'Houston', true, NOW(), NOW()),
(5, 10, 'Decor Services 5', 'Premium Decor services', 'Decor', 'customer_facing', 843.00, 'test-image.jpg', 'Toronto', true, NOW(), NOW()),
(6, 11, 'Photography Services 6', 'Premium Photography services', 'Photography', 'customer_facing', 1223.00, 'test-image.jpg', 'Chicago', true, NOW(), NOW()),
(7, 12, 'Photography Services 7', 'Premium Photography services', 'Photography', 'customer_facing', 608.00, 'test-image.jpg', 'Houston', true, NOW(), NOW()),
(8, 13, 'Catering Services 8', 'Premium Catering services', 'Catering', 'customer_facing', 1420.00, 'test-image.jpg', 'Toronto', true, NOW(), NOW()),
(9, 14, 'Catering Services 9', 'Premium Catering services', 'Catering', 'customer_facing', 1045.00, 'test-image.jpg', 'Toronto', true, NOW(), NOW()),
(10, 15, 'Photography Services 10', 'Premium Photography services', 'Photography', 'customer_facing', 1441.00, 'test-image.jpg', 'Houston', true, NOW(), NOW());

-- 6. Insert Event Series
INSERT INTO events_eventseries (id, host_id, name, description, recurrence_rule, timezone, default_location_name, default_location_address, default_capacity, default_ticket_price_standard, default_ticket_price_flexible, created_at) VALUES
(1, 2, 'Series 1', 'Weekly meetup', 'FREQ=WEEKLY;BYDAY=WE', 'UTC', 'Venue 1', '', 50, 10.00, NULL, NOW()),
(2, 2, 'Series 2', 'Weekly meetup', 'FREQ=WEEKLY;BYDAY=WE', 'UTC', 'Venue 2', '', 50, 10.00, NULL, NOW()),
(3, 4, 'Series 3', 'Weekly meetup', 'FREQ=WEEKLY;BYDAY=WE', 'UTC', 'Venue 3', '', 50, 10.00, NULL, NOW()),
(4, 4, 'Series 4', 'Weekly meetup', 'FREQ=WEEKLY;BYDAY=WE', 'UTC', 'Venue 4', '', 50, 10.00, NULL, NOW()),
(5, 5, 'Series 5', 'Weekly meetup', 'FREQ=WEEKLY;BYDAY=WE', 'UTC', 'Venue 5', '', 50, 10.00, NULL, NOW());

INSERT INTO events_eventseriesneedtemplate (series_id, title, description, category, criticality, budget_min, budget_max, created_at) VALUES
(1, 'Guest Speaker 1', '', 'Speaker', 'essential', NULL, NULL, NOW()),
(2, 'Guest Speaker 2', '', 'Speaker', 'essential', NULL, NULL, NOW()),
(3, 'Guest Speaker 3', '', 'Speaker', 'essential', NULL, NULL, NOW()),
(4, 'Guest Speaker 4', '', 'Speaker', 'essential', NULL, NULL, NOW()),
(5, 'Guest Speaker 5', '', 'Speaker', 'essential', NULL, NULL, NOW());

-- 7. Insert Events
INSERT INTO events_event (id, host_id, title, slug, description, category_id, series_id, occurrence_index, location_name, location_address, check_in_instructions, event_ready_message, latitude, longitude, start_time, end_time, capacity, ticket_price_standard, ticket_price_flexible, refund_window_hours, cover_image, status, lifecycle_state, tags, interest_count, ticket_count, created_at, updated_at) VALUES
(1, 5, 'Event Title 1', 'event-title-1', 'Description for event 1', 8, NULL, NULL, 'Venue 1', '123 Los Angeles St', '', '', NULL, NULL, NOW() + INTERVAL '-18 days', (NOW() + INTERVAL '-18 days' + INTERVAL '3 hours'), 100, 42.00, NULL, 24, 'test-image.jpg', 'cancelled', 'cancelled', '[]', 20, 43, NOW(), NOW()),
(2, 9, 'Event Title 2', 'event-title-2', 'Description for event 2', 11, NULL, NULL, 'Venue 2', '123 Houston St', '', '', NULL, NULL, NOW() + INTERVAL '2 days', (NOW() + INTERVAL '2 days' + INTERVAL '3 hours'), 100, 35.00, NULL, 24, 'test-image.jpg', 'cancelled', 'cancelled', '[]', 6, 34, NOW(), NOW()),
(3, 19, 'Event Title 3', 'event-title-3', 'Description for event 3', 5, NULL, NULL, 'Venue 3', '123 Los Angeles St', '', '', NULL, NULL, NOW() + INTERVAL '-32 days', (NOW() + INTERVAL '-32 days' + INTERVAL '3 hours'), 100, 10.00, NULL, 24, 'test-image.jpg', 'published', 'completed', '[]', 17, 18, NOW(), NOW()),
(4, 11, 'Event Title 4', 'event-title-4', 'Description for event 4', 3, NULL, NULL, 'Venue 4', '123 London St', '', '', NULL, NULL, NOW() + INTERVAL '6 days', (NOW() + INTERVAL '6 days' + INTERVAL '3 hours'), 100, 23.00, NULL, 24, 'test-image.jpg', 'cancelled', 'cancelled', '[]', 2, 2, NOW(), NOW()),
(5, 5, 'Event Title 5', 'event-title-5', 'Description for event 5', 1, NULL, NULL, 'Venue 5', '123 New York St', '', '', NULL, NULL, NOW() + INTERVAL '-26 days', (NOW() + INTERVAL '-26 days' + INTERVAL '3 hours'), 100, 40.00, NULL, 24, 'test-image.jpg', 'completed', 'live', '[]', 9, 10, NOW(), NOW()),
(6, 6, 'Event Title 6', 'event-title-6', 'Description for event 6', 5, NULL, NULL, 'Venue 6', '123 New York St', '', '', NULL, NULL, NOW() + INTERVAL '-9 days', (NOW() + INTERVAL '-9 days' + INTERVAL '3 hours'), 100, 11.00, NULL, 24, 'test-image.jpg', 'cancelled', 'cancelled', '[]', 0, 50, NOW(), NOW()),
(7, 10, 'Event Title 7', 'event-title-7', 'Description for event 7', 5, NULL, NULL, 'Venue 7', '123 Chicago St', '', '', NULL, NULL, NOW() + INTERVAL '38 days', (NOW() + INTERVAL '38 days' + INTERVAL '3 hours'), 100, 50.00, NULL, 24, 'test-image.jpg', 'cancelled', 'cancelled', '[]', 14, 17, NOW(), NOW()),
(8, 13, 'Event Title 8', 'event-title-8', 'Description for event 8', 1, NULL, NULL, 'Venue 8', '123 Toronto St', '', '', NULL, NULL, NOW() + INTERVAL '-23 days', (NOW() + INTERVAL '-23 days' + INTERVAL '3 hours'), 100, 8.00, NULL, 24, 'test-image.jpg', 'published', 'draft', '[]', 15, 30, NOW(), NOW()),
(9, 3, 'Event Title 9', 'event-title-9', 'Description for event 9', 4, NULL, NULL, 'Venue 9', '123 Chicago St', '', '', NULL, NULL, NOW() + INTERVAL '-29 days', (NOW() + INTERVAL '-29 days' + INTERVAL '3 hours'), 100, 26.00, NULL, 24, 'test-image.jpg', 'draft', 'draft', '[]', 14, 8, NOW(), NOW()),
(10, 9, 'Event Title 10', 'event-title-10', 'Description for event 10', 6, NULL, NULL, 'Venue 10', '123 Miami St', '', '', NULL, NULL, NOW() + INTERVAL '-22 days', (NOW() + INTERVAL '-22 days' + INTERVAL '3 hours'), 100, 6.00, NULL, 24, 'test-image.jpg', 'completed', 'live', '[]', 3, 26, NOW(), NOW()),
(11, 14, 'Event Title 11', 'event-title-11', 'Description for event 11', 12, NULL, NULL, 'Venue 11', '123 Chicago St', '', '', NULL, NULL, NOW() + INTERVAL '-50 days', (NOW() + INTERVAL '-50 days' + INTERVAL '3 hours'), 100, 17.00, NULL, 24, 'test-image.jpg', 'cancelled', 'cancelled', '[]', 9, 27, NOW(), NOW()),
(12, 12, 'Event Title 12', 'event-title-12', 'Description for event 12', 11, NULL, NULL, 'Venue 12', '123 Houston St', '', '', NULL, NULL, NOW() + INTERVAL '4 days', (NOW() + INTERVAL '4 days' + INTERVAL '3 hours'), 100, 45.00, NULL, 24, 'test-image.jpg', 'published', 'live', '[]', 18, 34, NOW(), NOW()),
(13, 11, 'Event Title 13', 'event-title-13', 'Description for event 13', 5, NULL, NULL, 'Venue 13', '123 Chicago St', '', '', NULL, NULL, NOW() + INTERVAL '-44 days', (NOW() + INTERVAL '-44 days' + INTERVAL '3 hours'), 100, 2.00, NULL, 24, 'test-image.jpg', 'cancelled', 'cancelled', '[]', 0, 16, NOW(), NOW()),
(14, 10, 'Event Title 14', 'event-title-14', 'Description for event 14', 1, NULL, NULL, 'Venue 14', '123 Toronto St', '', '', NULL, NULL, NOW() + INTERVAL '53 days', (NOW() + INTERVAL '53 days' + INTERVAL '3 hours'), 100, 43.00, NULL, 24, 'test-image.jpg', 'cancelled', 'cancelled', '[]', 16, 6, NOW(), NOW()),
(15, 10, 'Event Title 15', 'event-title-15', 'Description for event 15', 8, NULL, NULL, 'Venue 15', '123 Chicago St', '', '', NULL, NULL, NOW() + INTERVAL '2 days', (NOW() + INTERVAL '2 days' + INTERVAL '3 hours'), 100, 14.00, NULL, 24, 'test-image.jpg', 'completed', 'published', '[]', 8, 39, NOW(), NOW()),
(16, 6, 'Event Title 16', 'event-title-16', 'Description for event 16', 12, NULL, NULL, 'Venue 16', '123 Toronto St', '', '', NULL, NULL, NOW() + INTERVAL '-44 days', (NOW() + INTERVAL '-44 days' + INTERVAL '3 hours'), 100, 11.00, NULL, 24, 'test-image.jpg', 'cancelled', 'cancelled', '[]', 18, 14, NOW(), NOW()),
(17, 13, 'Event Title 17', 'event-title-17', 'Description for event 17', 9, NULL, NULL, 'Venue 17', '123 Toronto St', '', '', NULL, NULL, NOW() + INTERVAL '-59 days', (NOW() + INTERVAL '-59 days' + INTERVAL '3 hours'), 100, 30.00, NULL, 24, 'test-image.jpg', 'draft', 'draft', '[]', 1, 38, NOW(), NOW()),
(18, 3, 'Event Title 18', 'event-title-18', 'Description for event 18', 12, NULL, NULL, 'Venue 18', '123 London St', '', '', NULL, NULL, NOW() + INTERVAL '-26 days', (NOW() + INTERVAL '-26 days' + INTERVAL '3 hours'), 100, 31.00, NULL, 24, 'test-image.jpg', 'published', 'live', '[]', 17, 31, NOW(), NOW()),
(19, 3, 'Event Title 19', 'event-title-19', 'Description for event 19', 12, NULL, NULL, 'Venue 19', '123 London St', '', '', NULL, NULL, NOW() + INTERVAL '57 days', (NOW() + INTERVAL '57 days' + INTERVAL '3 hours'), 100, 40.00, NULL, 24, 'test-image.jpg', 'completed', 'completed', '[]', 8, 32, NOW(), NOW()),
(20, 10, 'Event Title 20', 'event-title-20', 'Description for event 20', 2, NULL, NULL, 'Venue 20', '123 London St', '', '', NULL, NULL, NOW() + INTERVAL '38 days', (NOW() + INTERVAL '38 days' + INTERVAL '3 hours'), 100, 25.00, NULL, 24, 'test-image.jpg', 'cancelled', 'cancelled', '[]', 12, 10, NOW(), NOW()),
(21, 15, 'Event Title 21', 'event-title-21', 'Description for event 21', 5, NULL, NULL, 'Venue 21', '123 Los Angeles St', '', '', NULL, NULL, NOW() + INTERVAL '-13 days', (NOW() + INTERVAL '-13 days' + INTERVAL '3 hours'), 100, 13.00, NULL, 24, 'test-image.jpg', 'published', 'completed', '[]', 13, 35, NOW(), NOW()),
(22, 10, 'Event Title 22', 'event-title-22', 'Description for event 22', 8, NULL, NULL, 'Venue 22', '123 Miami St', '', '', NULL, NULL, NOW() + INTERVAL '-40 days', (NOW() + INTERVAL '-40 days' + INTERVAL '3 hours'), 100, 37.00, NULL, 24, 'test-image.jpg', 'published', 'published', '[]', 16, 5, NOW(), NOW()),
(23, 18, 'Event Title 23', 'event-title-23', 'Description for event 23', 9, NULL, NULL, 'Venue 23', '123 Los Angeles St', '', '', NULL, NULL, NOW() + INTERVAL '-4 days', (NOW() + INTERVAL '-4 days' + INTERVAL '3 hours'), 100, 3.00, NULL, 24, 'test-image.jpg', 'draft', 'draft', '[]', 7, 14, NOW(), NOW()),
(24, 5, 'Event Title 24', 'event-title-24', 'Description for event 24', 9, NULL, NULL, 'Venue 24', '123 New York St', '', '', NULL, NULL, NOW() + INTERVAL '38 days', (NOW() + INTERVAL '38 days' + INTERVAL '3 hours'), 100, 25.00, NULL, 24, 'test-image.jpg', 'published', 'completed', '[]', 9, 40, NOW(), NOW()),
(25, 17, 'Event Title 25', 'event-title-25', 'Description for event 25', 2, NULL, NULL, 'Venue 25', '123 New York St', '', '', NULL, NULL, NOW() + INTERVAL '29 days', (NOW() + INTERVAL '29 days' + INTERVAL '3 hours'), 100, 8.00, NULL, 24, 'test-image.jpg', 'draft', 'draft', '[]', 1, 19, NOW(), NOW()),
(26, 2, 'Event Title 26', 'event-title-26', 'Description for event 26', 6, NULL, NULL, 'Venue 26', '123 Toronto St', '', '', NULL, NULL, NOW() + INTERVAL '-19 days', (NOW() + INTERVAL '-19 days' + INTERVAL '3 hours'), 100, 5.00, NULL, 24, 'test-image.jpg', 'published', 'draft', '[]', 19, 5, NOW(), NOW()),
(27, 2, 'Event Title 27', 'event-title-27', 'Description for event 27', 2, NULL, NULL, 'Venue 27', '123 London St', '', '', NULL, NULL, NOW() + INTERVAL '-26 days', (NOW() + INTERVAL '-26 days' + INTERVAL '3 hours'), 100, 8.00, NULL, 24, 'test-image.jpg', 'draft', 'draft', '[]', 20, 4, NOW(), NOW()),
(28, 17, 'Event Title 28', 'event-title-28', 'Description for event 28', 11, NULL, NULL, 'Venue 28', '123 Los Angeles St', '', '', NULL, NULL, NOW() + INTERVAL '27 days', (NOW() + INTERVAL '27 days' + INTERVAL '3 hours'), 100, 20.00, NULL, 24, 'test-image.jpg', 'completed', 'draft', '[]', 7, 21, NOW(), NOW()),
(29, 12, 'Event Title 29', 'event-title-29', 'Description for event 29', 7, NULL, NULL, 'Venue 29', '123 Miami St', '', '', NULL, NULL, NOW() + INTERVAL '12 days', (NOW() + INTERVAL '12 days' + INTERVAL '3 hours'), 100, 24.00, NULL, 24, 'test-image.jpg', 'published', 'completed', '[]', 5, 24, NOW(), NOW()),
(30, 7, 'Event Title 30', 'event-title-30', 'Description for event 30', 2, NULL, NULL, 'Venue 30', '123 Houston St', '', '', NULL, NULL, NOW() + INTERVAL '38 days', (NOW() + INTERVAL '38 days' + INTERVAL '3 hours'), 100, 46.00, NULL, 24, 'test-image.jpg', 'published', 'draft', '[]', 13, 4, NOW(), NOW()),
(31, 14, 'Event Title 31', 'event-title-31', 'Description for event 31', 3, NULL, NULL, 'Venue 31', '123 Toronto St', '', '', NULL, NULL, NOW() + INTERVAL '53 days', (NOW() + INTERVAL '53 days' + INTERVAL '3 hours'), 100, 26.00, NULL, 24, 'test-image.jpg', 'completed', 'live', '[]', 0, 32, NOW(), NOW()),
(32, 16, 'Event Title 32', 'event-title-32', 'Description for event 32', 10, NULL, NULL, 'Venue 32', '123 London St', '', '', NULL, NULL, NOW() + INTERVAL '-7 days', (NOW() + INTERVAL '-7 days' + INTERVAL '3 hours'), 100, 10.00, NULL, 24, 'test-image.jpg', 'cancelled', 'cancelled', '[]', 3, 25, NOW(), NOW()),
(33, 20, 'Event Title 33', 'event-title-33', 'Description for event 33', 10, NULL, NULL, 'Venue 33', '123 Toronto St', '', '', NULL, NULL, NOW() + INTERVAL '-18 days', (NOW() + INTERVAL '-18 days' + INTERVAL '3 hours'), 100, 37.00, NULL, 24, 'test-image.jpg', 'completed', 'completed', '[]', 13, 30, NOW(), NOW()),
(34, 4, 'Event Title 34', 'event-title-34', 'Description for event 34', 8, NULL, NULL, 'Venue 34', '123 Houston St', '', '', NULL, NULL, NOW() + INTERVAL '41 days', (NOW() + INTERVAL '41 days' + INTERVAL '3 hours'), 100, 39.00, NULL, 24, 'test-image.jpg', 'draft', 'draft', '[]', 17, 18, NOW(), NOW()),
(35, 10, 'Event Title 35', 'event-title-35', 'Description for event 35', 9, NULL, NULL, 'Venue 35', '123 Chicago St', '', '', NULL, NULL, NOW() + INTERVAL '-45 days', (NOW() + INTERVAL '-45 days' + INTERVAL '3 hours'), 100, 1.00, NULL, 24, 'test-image.jpg', 'published', 'completed', '[]', 14, 18, NOW(), NOW()),
(36, 4, 'Event Title 36', 'event-title-36', 'Description for event 36', 10, NULL, NULL, 'Venue 36', '123 Miami St', '', '', NULL, NULL, NOW() + INTERVAL '-11 days', (NOW() + INTERVAL '-11 days' + INTERVAL '3 hours'), 100, 43.00, NULL, 24, 'test-image.jpg', 'cancelled', 'cancelled', '[]', 20, 42, NOW(), NOW()),
(37, 9, 'Event Title 37', 'event-title-37', 'Description for event 37', 9, NULL, NULL, 'Venue 37', '123 Chicago St', '', '', NULL, NULL, NOW() + INTERVAL '-26 days', (NOW() + INTERVAL '-26 days' + INTERVAL '3 hours'), 100, 14.00, NULL, 24, 'test-image.jpg', 'cancelled', 'cancelled', '[]', 16, 23, NOW(), NOW()),
(38, 8, 'Event Title 38', 'event-title-38', 'Description for event 38', 4, NULL, NULL, 'Venue 38', '123 Toronto St', '', '', NULL, NULL, NOW() + INTERVAL '54 days', (NOW() + INTERVAL '54 days' + INTERVAL '3 hours'), 100, 22.00, NULL, 24, 'test-image.jpg', 'draft', 'draft', '[]', 11, 16, NOW(), NOW()),
(39, 18, 'Event Title 39', 'event-title-39', 'Description for event 39', 3, NULL, NULL, 'Venue 39', '123 Miami St', '', '', NULL, NULL, NOW() + INTERVAL '36 days', (NOW() + INTERVAL '36 days' + INTERVAL '3 hours'), 100, 25.00, NULL, 24, 'test-image.jpg', 'completed', 'draft', '[]', 12, 38, NOW(), NOW()),
(40, 20, 'Event Title 40', 'event-title-40', 'Description for event 40', 10, NULL, NULL, 'Venue 40', '123 Miami St', '', '', NULL, NULL, NOW() + INTERVAL '4 days', (NOW() + INTERVAL '4 days' + INTERVAL '3 hours'), 100, 4.00, NULL, 24, 'test-image.jpg', 'cancelled', 'cancelled', '[]', 13, 34, NOW(), NOW()),
(41, 4, 'Event Title 41', 'event-title-41', 'Description for event 41', 5, NULL, NULL, 'Venue 41', '123 Miami St', '', '', NULL, NULL, NOW() + INTERVAL '-60 days', (NOW() + INTERVAL '-60 days' + INTERVAL '3 hours'), 100, 2.00, NULL, 24, 'test-image.jpg', 'cancelled', 'cancelled', '[]', 10, 38, NOW(), NOW()),
(42, 7, 'Event Title 42', 'event-title-42', 'Description for event 42', 6, NULL, NULL, 'Venue 42', '123 Chicago St', '', '', NULL, NULL, NOW() + INTERVAL '44 days', (NOW() + INTERVAL '44 days' + INTERVAL '3 hours'), 100, 16.00, NULL, 24, 'test-image.jpg', 'draft', 'draft', '[]', 1, 5, NOW(), NOW()),
(43, 16, 'Event Title 43', 'event-title-43', 'Description for event 43', 9, NULL, NULL, 'Venue 43', '123 Chicago St', '', '', NULL, NULL, NOW() + INTERVAL '-60 days', (NOW() + INTERVAL '-60 days' + INTERVAL '3 hours'), 100, 3.00, NULL, 24, 'test-image.jpg', 'draft', 'draft', '[]', 5, 24, NOW(), NOW()),
(44, 16, 'Event Title 44', 'event-title-44', 'Description for event 44', 5, NULL, NULL, 'Venue 44', '123 London St', '', '', NULL, NULL, NOW() + INTERVAL '11 days', (NOW() + INTERVAL '11 days' + INTERVAL '3 hours'), 100, 15.00, NULL, 24, 'test-image.jpg', 'published', 'completed', '[]', 10, 50, NOW(), NOW()),
(45, 20, 'Event Title 45', 'event-title-45', 'Description for event 45', 10, NULL, NULL, 'Venue 45', '123 New York St', '', '', NULL, NULL, NOW() + INTERVAL '-50 days', (NOW() + INTERVAL '-50 days' + INTERVAL '3 hours'), 100, 15.00, NULL, 24, 'test-image.jpg', 'draft', 'draft', '[]', 17, 2, NOW(), NOW()),
(46, 14, 'Event Title 46', 'event-title-46', 'Description for event 46', 2, NULL, NULL, 'Venue 46', '123 Miami St', '', '', NULL, NULL, NOW() + INTERVAL '19 days', (NOW() + INTERVAL '19 days' + INTERVAL '3 hours'), 100, 30.00, NULL, 24, 'test-image.jpg', 'cancelled', 'cancelled', '[]', 15, 21, NOW(), NOW()),
(47, 11, 'Event Title 47', 'event-title-47', 'Description for event 47', 6, NULL, NULL, 'Venue 47', '123 Toronto St', '', '', NULL, NULL, NOW() + INTERVAL '23 days', (NOW() + INTERVAL '23 days' + INTERVAL '3 hours'), 100, 40.00, NULL, 24, 'test-image.jpg', 'draft', 'draft', '[]', 1, 44, NOW(), NOW()),
(48, 15, 'Event Title 48', 'event-title-48', 'Description for event 48', 1, NULL, NULL, 'Venue 48', '123 New York St', '', '', NULL, NULL, NOW() + INTERVAL '22 days', (NOW() + INTERVAL '22 days' + INTERVAL '3 hours'), 100, 14.00, NULL, 24, 'test-image.jpg', 'draft', 'draft', '[]', 14, 47, NOW(), NOW()),
(49, 3, 'Event Title 49', 'event-title-49', 'Description for event 49', 5, NULL, NULL, 'Venue 49', '123 New York St', '', '', NULL, NULL, NOW() + INTERVAL '11 days', (NOW() + INTERVAL '11 days' + INTERVAL '3 hours'), 100, 0.00, NULL, 24, 'test-image.jpg', 'completed', 'published', '[]', 14, 35, NOW(), NOW()),
(50, 20, 'Event Title 50', 'event-title-50', 'Description for event 50', 6, NULL, NULL, 'Venue 50', '123 Miami St', '', '', NULL, NULL, NOW() + INTERVAL '-15 days', (NOW() + INTERVAL '-15 days' + INTERVAL '3 hours'), 100, 25.00, NULL, 24, 'test-image.jpg', 'cancelled', 'cancelled', '[]', 11, 7, NOW(), NOW()),
(51, 20, 'Event Title 51', 'event-title-51', 'Description for event 51', 5, NULL, NULL, 'Venue 51', '123 Toronto St', '', '', NULL, NULL, NOW() + INTERVAL '-26 days', (NOW() + INTERVAL '-26 days' + INTERVAL '3 hours'), 100, 31.00, NULL, 24, 'test-image.jpg', 'published', 'completed', '[]', 9, 23, NOW(), NOW()),
(52, 10, 'Event Title 52', 'event-title-52', 'Description for event 52', 6, NULL, NULL, 'Venue 52', '123 New York St', '', '', NULL, NULL, NOW() + INTERVAL '16 days', (NOW() + INTERVAL '16 days' + INTERVAL '3 hours'), 100, 30.00, NULL, 24, 'test-image.jpg', 'draft', 'draft', '[]', 6, 29, NOW(), NOW()),
(53, 10, 'Event Title 53', 'event-title-53', 'Description for event 53', 6, NULL, NULL, 'Venue 53', '123 Miami St', '', '', NULL, NULL, NOW() + INTERVAL '-31 days', (NOW() + INTERVAL '-31 days' + INTERVAL '3 hours'), 100, 8.00, NULL, 24, 'test-image.jpg', 'completed', 'draft', '[]', 19, 36, NOW(), NOW()),
(54, 6, 'Event Title 54', 'event-title-54', 'Description for event 54', 12, NULL, NULL, 'Venue 54', '123 Chicago St', '', '', NULL, NULL, NOW() + INTERVAL '43 days', (NOW() + INTERVAL '43 days' + INTERVAL '3 hours'), 100, 17.00, NULL, 24, 'test-image.jpg', 'published', 'published', '[]', 12, 37, NOW(), NOW()),
(55, 19, 'Event Title 55', 'event-title-55', 'Description for event 55', 1, NULL, NULL, 'Venue 55', '123 Miami St', '', '', NULL, NULL, NOW() + INTERVAL '43 days', (NOW() + INTERVAL '43 days' + INTERVAL '3 hours'), 100, 48.00, NULL, 24, 'test-image.jpg', 'completed', 'published', '[]', 12, 28, NOW(), NOW()),
(56, 9, 'Event Title 56', 'event-title-56', 'Description for event 56', 7, NULL, NULL, 'Venue 56', '123 Houston St', '', '', NULL, NULL, NOW() + INTERVAL '52 days', (NOW() + INTERVAL '52 days' + INTERVAL '3 hours'), 100, 32.00, NULL, 24, 'test-image.jpg', 'completed', 'published', '[]', 1, 6, NOW(), NOW()),
(57, 12, 'Event Title 57', 'event-title-57', 'Description for event 57', 10, NULL, NULL, 'Venue 57', '123 London St', '', '', NULL, NULL, NOW() + INTERVAL '-40 days', (NOW() + INTERVAL '-40 days' + INTERVAL '3 hours'), 100, 34.00, NULL, 24, 'test-image.jpg', 'cancelled', 'cancelled', '[]', 6, 0, NOW(), NOW()),
(58, 4, 'Event Title 58', 'event-title-58', 'Description for event 58', 6, NULL, NULL, 'Venue 58', '123 Chicago St', '', '', NULL, NULL, NOW() + INTERVAL '-46 days', (NOW() + INTERVAL '-46 days' + INTERVAL '3 hours'), 100, 17.00, NULL, 24, 'test-image.jpg', 'cancelled', 'cancelled', '[]', 10, 32, NOW(), NOW()),
(59, 6, 'Event Title 59', 'event-title-59', 'Description for event 59', 4, NULL, NULL, 'Venue 59', '123 Chicago St', '', '', NULL, NULL, NOW() + INTERVAL '-42 days', (NOW() + INTERVAL '-42 days' + INTERVAL '3 hours'), 100, 18.00, NULL, 24, 'test-image.jpg', 'draft', 'draft', '[]', 19, 22, NOW(), NOW()),
(60, 18, 'Event Title 60', 'event-title-60', 'Description for event 60', 4, NULL, NULL, 'Venue 60', '123 Chicago St', '', '', NULL, NULL, NOW() + INTERVAL '-30 days', (NOW() + INTERVAL '-30 days' + INTERVAL '3 hours'), 100, 25.00, NULL, 24, 'test-image.jpg', 'published', 'published', '[]', 12, 30, NOW(), NOW()),
(61, 6, 'Event Title 61', 'event-title-61', 'Description for event 61', 4, NULL, NULL, 'Venue 61', '123 Toronto St', '', '', NULL, NULL, NOW() + INTERVAL '-39 days', (NOW() + INTERVAL '-39 days' + INTERVAL '3 hours'), 100, 46.00, NULL, 24, 'test-image.jpg', 'published', 'draft', '[]', 1, 6, NOW(), NOW()),
(62, 7, 'Event Title 62', 'event-title-62', 'Description for event 62', 12, NULL, NULL, 'Venue 62', '123 Chicago St', '', '', NULL, NULL, NOW() + INTERVAL '-19 days', (NOW() + INTERVAL '-19 days' + INTERVAL '3 hours'), 100, 27.00, NULL, 24, 'test-image.jpg', 'published', 'completed', '[]', 20, 41, NOW(), NOW()),
(63, 8, 'Event Title 63', 'event-title-63', 'Description for event 63', 1, NULL, NULL, 'Venue 63', '123 Toronto St', '', '', NULL, NULL, NOW() + INTERVAL '26 days', (NOW() + INTERVAL '26 days' + INTERVAL '3 hours'), 100, 17.00, NULL, 24, 'test-image.jpg', 'completed', 'draft', '[]', 2, 45, NOW(), NOW()),
(64, 14, 'Event Title 64', 'event-title-64', 'Description for event 64', 2, NULL, NULL, 'Venue 64', '123 London St', '', '', NULL, NULL, NOW() + INTERVAL '-46 days', (NOW() + INTERVAL '-46 days' + INTERVAL '3 hours'), 100, 30.00, NULL, 24, 'test-image.jpg', 'cancelled', 'cancelled', '[]', 3, 17, NOW(), NOW()),
(65, 7, 'Event Title 65', 'event-title-65', 'Description for event 65', 3, NULL, NULL, 'Venue 65', '123 London St', '', '', NULL, NULL, NOW() + INTERVAL '5 days', (NOW() + INTERVAL '5 days' + INTERVAL '3 hours'), 100, 5.00, NULL, 24, 'test-image.jpg', 'draft', 'draft', '[]', 9, 1, NOW(), NOW()),
(66, 7, 'Event Title 66', 'event-title-66', 'Description for event 66', 9, NULL, NULL, 'Venue 66', '123 Houston St', '', '', NULL, NULL, NOW() + INTERVAL '-50 days', (NOW() + INTERVAL '-50 days' + INTERVAL '3 hours'), 100, 34.00, NULL, 24, 'test-image.jpg', 'cancelled', 'cancelled', '[]', 12, 38, NOW(), NOW()),
(67, 2, 'Event Title 67', 'event-title-67', 'Description for event 67', 5, NULL, NULL, 'Venue 67', '123 Toronto St', '', '', NULL, NULL, NOW() + INTERVAL '3 days', (NOW() + INTERVAL '3 days' + INTERVAL '3 hours'), 100, 30.00, NULL, 24, 'test-image.jpg', 'draft', 'draft', '[]', 16, 16, NOW(), NOW()),
(68, 9, 'Event Title 68', 'event-title-68', 'Description for event 68', 7, NULL, NULL, 'Venue 68', '123 New York St', '', '', NULL, NULL, NOW() + INTERVAL '23 days', (NOW() + INTERVAL '23 days' + INTERVAL '3 hours'), 100, 12.00, NULL, 24, 'test-image.jpg', 'published', 'published', '[]', 16, 37, NOW(), NOW()),
(69, 13, 'Event Title 69', 'event-title-69', 'Description for event 69', 9, NULL, NULL, 'Venue 69', '123 London St', '', '', NULL, NULL, NOW() + INTERVAL '7 days', (NOW() + INTERVAL '7 days' + INTERVAL '3 hours'), 100, 21.00, NULL, 24, 'test-image.jpg', 'published', 'completed', '[]', 3, 11, NOW(), NOW()),
(70, 7, 'Event Title 70', 'event-title-70', 'Description for event 70', 1, NULL, NULL, 'Venue 70', '123 London St', '', '', NULL, NULL, NOW() + INTERVAL '57 days', (NOW() + INTERVAL '57 days' + INTERVAL '3 hours'), 100, 29.00, NULL, 24, 'test-image.jpg', 'cancelled', 'cancelled', '[]', 13, 29, NOW(), NOW()),
(71, 8, 'Event Title 71', 'event-title-71', 'Description for event 71', 9, NULL, NULL, 'Venue 71', '123 New York St', '', '', NULL, NULL, NOW() + INTERVAL '-52 days', (NOW() + INTERVAL '-52 days' + INTERVAL '3 hours'), 100, 44.00, NULL, 24, 'test-image.jpg', 'completed', 'published', '[]', 7, 30, NOW(), NOW()),
(72, 4, 'Event Title 72', 'event-title-72', 'Description for event 72', 5, NULL, NULL, 'Venue 72', '123 Los Angeles St', '', '', NULL, NULL, NOW() + INTERVAL '19 days', (NOW() + INTERVAL '19 days' + INTERVAL '3 hours'), 100, 47.00, NULL, 24, 'test-image.jpg', 'cancelled', 'cancelled', '[]', 15, 10, NOW(), NOW()),
(73, 9, 'Event Title 73', 'event-title-73', 'Description for event 73', 4, NULL, NULL, 'Venue 73', '123 London St', '', '', NULL, NULL, NOW() + INTERVAL '13 days', (NOW() + INTERVAL '13 days' + INTERVAL '3 hours'), 100, 1.00, NULL, 24, 'test-image.jpg', 'draft', 'draft', '[]', 12, 10, NOW(), NOW()),
(74, 17, 'Event Title 74', 'event-title-74', 'Description for event 74', 7, NULL, NULL, 'Venue 74', '123 Los Angeles St', '', '', NULL, NULL, NOW() + INTERVAL '-28 days', (NOW() + INTERVAL '-28 days' + INTERVAL '3 hours'), 100, 38.00, NULL, 24, 'test-image.jpg', 'cancelled', 'cancelled', '[]', 14, 47, NOW(), NOW()),
(75, 16, 'Event Title 75', 'event-title-75', 'Description for event 75', 3, NULL, NULL, 'Venue 75', '123 Miami St', '', '', NULL, NULL, NOW() + INTERVAL '30 days', (NOW() + INTERVAL '30 days' + INTERVAL '3 hours'), 100, 26.00, NULL, 24, 'test-image.jpg', 'completed', 'published', '[]', 7, 26, NOW(), NOW()),
(76, 2, 'Event Title 76', 'event-title-76', 'Description for event 76', 7, NULL, NULL, 'Venue 76', '123 New York St', '', '', NULL, NULL, NOW() + INTERVAL '23 days', (NOW() + INTERVAL '23 days' + INTERVAL '3 hours'), 100, 27.00, NULL, 24, 'test-image.jpg', 'cancelled', 'cancelled', '[]', 1, 27, NOW(), NOW()),
(77, 2, 'Event Title 77', 'event-title-77', 'Description for event 77', 2, NULL, NULL, 'Venue 77', '123 Los Angeles St', '', '', NULL, NULL, NOW() + INTERVAL '1 days', (NOW() + INTERVAL '1 days' + INTERVAL '3 hours'), 100, 30.00, NULL, 24, 'test-image.jpg', 'draft', 'draft', '[]', 14, 34, NOW(), NOW()),
(78, 9, 'Event Title 78', 'event-title-78', 'Description for event 78', 11, NULL, NULL, 'Venue 78', '123 London St', '', '', NULL, NULL, NOW() + INTERVAL '48 days', (NOW() + INTERVAL '48 days' + INTERVAL '3 hours'), 100, 14.00, NULL, 24, 'test-image.jpg', 'completed', 'published', '[]', 19, 48, NOW(), NOW()),
(79, 9, 'Event Title 79', 'event-title-79', 'Description for event 79', 6, NULL, NULL, 'Venue 79', '123 Toronto St', '', '', NULL, NULL, NOW() + INTERVAL '-26 days', (NOW() + INTERVAL '-26 days' + INTERVAL '3 hours'), 100, 10.00, NULL, 24, 'test-image.jpg', 'published', 'live', '[]', 14, 47, NOW(), NOW()),
(80, 6, 'Event Title 80', 'event-title-80', 'Description for event 80', 9, NULL, NULL, 'Venue 80', '123 London St', '', '', NULL, NULL, NOW() + INTERVAL '-16 days', (NOW() + INTERVAL '-16 days' + INTERVAL '3 hours'), 100, 16.00, NULL, 24, 'test-image.jpg', 'published', 'live', '[]', 6, 26, NOW(), NOW()),
(81, 9, 'Event Title 81', 'event-title-81', 'Description for event 81', 3, NULL, NULL, 'Venue 81', '123 London St', '', '', NULL, NULL, NOW() + INTERVAL '49 days', (NOW() + INTERVAL '49 days' + INTERVAL '3 hours'), 100, 31.00, NULL, 24, 'test-image.jpg', 'published', 'completed', '[]', 10, 7, NOW(), NOW()),
(82, 13, 'Event Title 82', 'event-title-82', 'Description for event 82', 6, NULL, NULL, 'Venue 82', '123 London St', '', '', NULL, NULL, NOW() + INTERVAL '-47 days', (NOW() + INTERVAL '-47 days' + INTERVAL '3 hours'), 100, 17.00, NULL, 24, 'test-image.jpg', 'cancelled', 'cancelled', '[]', 20, 17, NOW(), NOW()),
(83, 17, 'Event Title 83', 'event-title-83', 'Description for event 83', 9, NULL, NULL, 'Venue 83', '123 Miami St', '', '', NULL, NULL, NOW() + INTERVAL '47 days', (NOW() + INTERVAL '47 days' + INTERVAL '3 hours'), 100, 32.00, NULL, 24, 'test-image.jpg', 'completed', 'completed', '[]', 14, 47, NOW(), NOW()),
(84, 14, 'Event Title 84', 'event-title-84', 'Description for event 84', 3, NULL, NULL, 'Venue 84', '123 Chicago St', '', '', NULL, NULL, NOW() + INTERVAL '-43 days', (NOW() + INTERVAL '-43 days' + INTERVAL '3 hours'), 100, 23.00, NULL, 24, 'test-image.jpg', 'draft', 'draft', '[]', 1, 20, NOW(), NOW()),
(85, 13, 'Event Title 85', 'event-title-85', 'Description for event 85', 8, NULL, NULL, 'Venue 85', '123 London St', '', '', NULL, NULL, NOW() + INTERVAL '7 days', (NOW() + INTERVAL '7 days' + INTERVAL '3 hours'), 100, 16.00, NULL, 24, 'test-image.jpg', 'published', 'completed', '[]', 8, 19, NOW(), NOW()),
(86, 4, 'Event Title 86', 'event-title-86', 'Description for event 86', 3, NULL, NULL, 'Venue 86', '123 Miami St', '', '', NULL, NULL, NOW() + INTERVAL '44 days', (NOW() + INTERVAL '44 days' + INTERVAL '3 hours'), 100, 17.00, NULL, 24, 'test-image.jpg', 'draft', 'draft', '[]', 17, 4, NOW(), NOW()),
(87, 16, 'Event Title 87', 'event-title-87', 'Description for event 87', 10, NULL, NULL, 'Venue 87', '123 Miami St', '', '', NULL, NULL, NOW() + INTERVAL '-42 days', (NOW() + INTERVAL '-42 days' + INTERVAL '3 hours'), 100, 42.00, NULL, 24, 'test-image.jpg', 'draft', 'draft', '[]', 11, 26, NOW(), NOW()),
(88, 2, 'Event Title 88', 'event-title-88', 'Description for event 88', 8, NULL, NULL, 'Venue 88', '123 Chicago St', '', '', NULL, NULL, NOW() + INTERVAL '-12 days', (NOW() + INTERVAL '-12 days' + INTERVAL '3 hours'), 100, 19.00, NULL, 24, 'test-image.jpg', 'cancelled', 'cancelled', '[]', 11, 8, NOW(), NOW()),
(89, 12, 'Event Title 89', 'event-title-89', 'Description for event 89', 3, NULL, NULL, 'Venue 89', '123 London St', '', '', NULL, NULL, NOW() + INTERVAL '55 days', (NOW() + INTERVAL '55 days' + INTERVAL '3 hours'), 100, 5.00, NULL, 24, 'test-image.jpg', 'draft', 'draft', '[]', 15, 4, NOW(), NOW()),
(90, 18, 'Event Title 90', 'event-title-90', 'Description for event 90', 8, NULL, NULL, 'Venue 90', '123 New York St', '', '', NULL, NULL, NOW() + INTERVAL '-8 days', (NOW() + INTERVAL '-8 days' + INTERVAL '3 hours'), 100, 17.00, NULL, 24, 'test-image.jpg', 'draft', 'draft', '[]', 0, 1, NOW(), NOW()),
(91, 13, 'Event Title 91', 'event-title-91', 'Description for event 91', 10, NULL, NULL, 'Venue 91', '123 New York St', '', '', NULL, NULL, NOW() + INTERVAL '18 days', (NOW() + INTERVAL '18 days' + INTERVAL '3 hours'), 100, 31.00, NULL, 24, 'test-image.jpg', 'published', 'completed', '[]', 12, 44, NOW(), NOW()),
(92, 16, 'Event Title 92', 'event-title-92', 'Description for event 92', 1, NULL, NULL, 'Venue 92', '123 Toronto St', '', '', NULL, NULL, NOW() + INTERVAL '-13 days', (NOW() + INTERVAL '-13 days' + INTERVAL '3 hours'), 100, 5.00, NULL, 24, 'test-image.jpg', 'draft', 'draft', '[]', 12, 32, NOW(), NOW()),
(93, 17, 'Event Title 93', 'event-title-93', 'Description for event 93', 9, NULL, NULL, 'Venue 93', '123 Los Angeles St', '', '', NULL, NULL, NOW() + INTERVAL '-34 days', (NOW() + INTERVAL '-34 days' + INTERVAL '3 hours'), 100, 49.00, NULL, 24, 'test-image.jpg', 'draft', 'draft', '[]', 11, 50, NOW(), NOW()),
(94, 7, 'Event Title 94', 'event-title-94', 'Description for event 94', 12, NULL, NULL, 'Venue 94', '123 New York St', '', '', NULL, NULL, NOW() + INTERVAL '41 days', (NOW() + INTERVAL '41 days' + INTERVAL '3 hours'), 100, 22.00, NULL, 24, 'test-image.jpg', 'published', 'published', '[]', 2, 13, NOW(), NOW()),
(95, 10, 'Event Title 95', 'event-title-95', 'Description for event 95', 5, NULL, NULL, 'Venue 95', '123 London St', '', '', NULL, NULL, NOW() + INTERVAL '30 days', (NOW() + INTERVAL '30 days' + INTERVAL '3 hours'), 100, 1.00, NULL, 24, 'test-image.jpg', 'completed', 'draft', '[]', 5, 8, NOW(), NOW()),
(96, 12, 'Event Title 96', 'event-title-96', 'Description for event 96', 3, NULL, NULL, 'Venue 96', '123 Chicago St', '', '', NULL, NULL, NOW() + INTERVAL '45 days', (NOW() + INTERVAL '45 days' + INTERVAL '3 hours'), 100, 41.00, NULL, 24, 'test-image.jpg', 'cancelled', 'cancelled', '[]', 1, 24, NOW(), NOW()),
(97, 13, 'Event Title 97', 'event-title-97', 'Description for event 97', 11, NULL, NULL, 'Venue 97', '123 Toronto St', '', '', NULL, NULL, NOW() + INTERVAL '40 days', (NOW() + INTERVAL '40 days' + INTERVAL '3 hours'), 100, 7.00, NULL, 24, 'test-image.jpg', 'completed', 'live', '[]', 1, 39, NOW(), NOW()),
(98, 15, 'Event Title 98', 'event-title-98', 'Description for event 98', 1, NULL, NULL, 'Venue 98', '123 Houston St', '', '', NULL, NULL, NOW() + INTERVAL '12 days', (NOW() + INTERVAL '12 days' + INTERVAL '3 hours'), 100, 36.00, NULL, 24, 'test-image.jpg', 'draft', 'draft', '[]', 7, 25, NOW(), NOW()),
(99, 4, 'Event Title 99', 'event-title-99', 'Description for event 99', 1, NULL, NULL, 'Venue 99', '123 Toronto St', '', '', NULL, NULL, NOW() + INTERVAL '-15 days', (NOW() + INTERVAL '-15 days' + INTERVAL '3 hours'), 100, 14.00, NULL, 24, 'test-image.jpg', 'published', 'live', '[]', 14, 35, NOW(), NOW()),
(100, 10, 'Event Title 100', 'event-title-100', 'Description for event 100', 11, NULL, NULL, 'Venue 100', '123 London St', '', '', NULL, NULL, NOW() + INTERVAL '3 days', (NOW() + INTERVAL '3 days' + INTERVAL '3 hours'), 100, 38.00, NULL, 24, 'test-image.jpg', 'draft', 'draft', '[]', 16, 16, NOW(), NOW());

-- 8. Tickets
INSERT INTO tickets_ticket (event_id, goer_id, ticket_type, is_refundable, refund_deadline, price_paid, status, purchased_at) VALUES
(1, 6, 'standard', false, NULL, 30.00, 'active', NOW()),
(1, 7, 'standard', false, NULL, 13.00, 'active', NOW()),
(3, 25, 'standard', false, NULL, 24.00, 'active', NOW()),
(4, 6, 'standard', false, NULL, 29.00, 'active', NOW()),
(4, 3, 'standard', false, NULL, 42.00, 'active', NOW()),
(4, 8, 'standard', false, NULL, 34.00, 'active', NOW()),
(4, 24, 'standard', false, NULL, 31.00, 'active', NOW()),
(6, 12, 'standard', false, NULL, 31.00, 'active', NOW()),
(6, 7, 'standard', false, NULL, 32.00, 'active', NOW()),
(6, 2, 'standard', false, NULL, 25.00, 'active', NOW()),
(6, 10, 'standard', false, NULL, 46.00, 'active', NOW()),
(6, 11, 'standard', false, NULL, 20.00, 'active', NOW()),
(6, 18, 'standard', false, NULL, 30.00, 'active', NOW()),
(6, 24, 'standard', false, NULL, 10.00, 'active', NOW()),
(6, 22, 'standard', false, NULL, 45.00, 'active', NOW()),
(6, 25, 'standard', false, NULL, 10.00, 'active', NOW()),
(7, 23, 'standard', false, NULL, 18.00, 'active', NOW()),
(7, 7, 'standard', false, NULL, 39.00, 'active', NOW()),
(7, 26, 'standard', false, NULL, 24.00, 'active', NOW()),
(8, 16, 'standard', false, NULL, 40.00, 'active', NOW()),
(8, 19, 'standard', false, NULL, 40.00, 'active', NOW()),
(8, 1, 'standard', false, NULL, 13.00, 'active', NOW()),
(8, 6, 'standard', false, NULL, 13.00, 'active', NOW()),
(8, 10, 'standard', false, NULL, 41.00, 'active', NOW()),
(8, 22, 'standard', false, NULL, 34.00, 'active', NOW()),
(8, 21, 'standard', false, NULL, 26.00, 'active', NOW()),
(9, 11, 'standard', false, NULL, 22.00, 'active', NOW()),
(9, 9, 'standard', false, NULL, 24.00, 'active', NOW()),
(9, 17, 'standard', false, NULL, 25.00, 'active', NOW()),
(9, 1, 'standard', false, NULL, 31.00, 'active', NOW()),
(10, 19, 'standard', false, NULL, 36.00, 'active', NOW()),
(10, 12, 'standard', false, NULL, 43.00, 'active', NOW()),
(10, 10, 'standard', false, NULL, 44.00, 'active', NOW()),
(10, 17, 'standard', false, NULL, 20.00, 'active', NOW()),
(10, 2, 'standard', false, NULL, 33.00, 'active', NOW()),
(10, 23, 'standard', false, NULL, 19.00, 'active', NOW()),
(10, 18, 'standard', false, NULL, 38.00, 'active', NOW()),
(10, 5, 'standard', false, NULL, 21.00, 'active', NOW()),
(10, 21, 'standard', false, NULL, 12.00, 'active', NOW()),
(10, 4, 'standard', false, NULL, 31.00, 'active', NOW()),
(11, 2, 'standard', false, NULL, 25.00, 'active', NOW()),
(11, 4, 'standard', false, NULL, 43.00, 'active', NOW()),
(11, 9, 'standard', false, NULL, 10.00, 'active', NOW()),
(11, 3, 'standard', false, NULL, 28.00, 'active', NOW()),
(11, 25, 'standard', false, NULL, 34.00, 'active', NOW()),
(11, 8, 'standard', false, NULL, 26.00, 'active', NOW()),
(11, 18, 'standard', false, NULL, 36.00, 'active', NOW()),
(11, 23, 'standard', false, NULL, 43.00, 'active', NOW()),
(12, 4, 'standard', false, NULL, 35.00, 'active', NOW()),
(12, 3, 'standard', false, NULL, 50.00, 'active', NOW()),
(12, 23, 'standard', false, NULL, 11.00, 'active', NOW()),
(12, 11, 'standard', false, NULL, 17.00, 'active', NOW()),
(12, 20, 'standard', false, NULL, 23.00, 'active', NOW()),
(12, 12, 'standard', false, NULL, 50.00, 'active', NOW()),
(12, 8, 'standard', false, NULL, 31.00, 'active', NOW()),
(12, 10, 'standard', false, NULL, 33.00, 'active', NOW()),
(12, 13, 'standard', false, NULL, 39.00, 'active', NOW()),
(13, 20, 'standard', false, NULL, 18.00, 'active', NOW()),
(13, 18, 'standard', false, NULL, 46.00, 'active', NOW()),
(13, 7, 'standard', false, NULL, 17.00, 'active', NOW()),
(13, 3, 'standard', false, NULL, 15.00, 'active', NOW()),
(14, 4, 'standard', false, NULL, 35.00, 'active', NOW()),
(14, 23, 'standard', false, NULL, 21.00, 'active', NOW()),
(14, 5, 'standard', false, NULL, 20.00, 'active', NOW()),
(14, 17, 'standard', false, NULL, 21.00, 'active', NOW()),
(14, 22, 'standard', false, NULL, 26.00, 'active', NOW()),
(15, 25, 'standard', false, NULL, 36.00, 'active', NOW()),
(15, 22, 'standard', false, NULL, 37.00, 'active', NOW()),
(15, 14, 'standard', false, NULL, 11.00, 'active', NOW()),
(15, 24, 'standard', false, NULL, 41.00, 'active', NOW()),
(15, 17, 'standard', false, NULL, 15.00, 'active', NOW()),
(15, 18, 'standard', false, NULL, 43.00, 'active', NOW()),
(16, 16, 'standard', false, NULL, 24.00, 'active', NOW()),
(16, 15, 'standard', false, NULL, 45.00, 'active', NOW()),
(16, 24, 'standard', false, NULL, 40.00, 'active', NOW()),
(16, 12, 'standard', false, NULL, 27.00, 'active', NOW()),
(16, 2, 'standard', false, NULL, 32.00, 'active', NOW()),
(17, 23, 'standard', false, NULL, 32.00, 'active', NOW()),
(17, 7, 'standard', false, NULL, 15.00, 'active', NOW()),
(17, 20, 'standard', false, NULL, 12.00, 'active', NOW()),
(17, 24, 'standard', false, NULL, 20.00, 'active', NOW()),
(17, 6, 'standard', false, NULL, 32.00, 'active', NOW()),
(17, 13, 'standard', false, NULL, 35.00, 'active', NOW()),
(17, 2, 'standard', false, NULL, 32.00, 'active', NOW()),
(18, 9, 'standard', false, NULL, 25.00, 'active', NOW()),
(18, 24, 'standard', false, NULL, 28.00, 'active', NOW()),
(18, 8, 'standard', false, NULL, 24.00, 'active', NOW()),
(18, 12, 'standard', false, NULL, 16.00, 'active', NOW()),
(18, 20, 'standard', false, NULL, 11.00, 'active', NOW()),
(18, 7, 'standard', false, NULL, 35.00, 'active', NOW()),
(18, 6, 'standard', false, NULL, 30.00, 'active', NOW()),
(18, 5, 'standard', false, NULL, 26.00, 'active', NOW()),
(18, 22, 'standard', false, NULL, 43.00, 'active', NOW()),
(18, 21, 'standard', false, NULL, 25.00, 'active', NOW()),
(19, 15, 'standard', false, NULL, 47.00, 'active', NOW()),
(19, 17, 'standard', false, NULL, 34.00, 'active', NOW()),
(19, 25, 'standard', false, NULL, 32.00, 'active', NOW()),
(19, 13, 'standard', false, NULL, 31.00, 'active', NOW()),
(19, 14, 'standard', false, NULL, 21.00, 'active', NOW()),
(20, 24, 'standard', false, NULL, 16.00, 'active', NOW()),
(20, 12, 'standard', false, NULL, 43.00, 'active', NOW()),
(21, 13, 'standard', false, NULL, 31.00, 'active', NOW()),
(21, 11, 'standard', false, NULL, 12.00, 'active', NOW()),
(22, 10, 'standard', false, NULL, 28.00, 'active', NOW()),
(22, 14, 'standard', false, NULL, 34.00, 'active', NOW()),
(22, 25, 'standard', false, NULL, 50.00, 'active', NOW()),
(22, 23, 'standard', false, NULL, 23.00, 'active', NOW()),
(22, 21, 'standard', false, NULL, 15.00, 'active', NOW()),
(24, 1, 'standard', false, NULL, 28.00, 'active', NOW()),
(24, 14, 'standard', false, NULL, 41.00, 'active', NOW()),
(24, 4, 'standard', false, NULL, 43.00, 'active', NOW()),
(24, 24, 'standard', false, NULL, 41.00, 'active', NOW()),
(24, 15, 'standard', false, NULL, 15.00, 'active', NOW()),
(24, 22, 'standard', false, NULL, 44.00, 'active', NOW()),
(24, 26, 'standard', false, NULL, 36.00, 'active', NOW()),
(24, 17, 'standard', false, NULL, 47.00, 'active', NOW()),
(25, 16, 'standard', false, NULL, 22.00, 'active', NOW()),
(25, 25, 'standard', false, NULL, 39.00, 'active', NOW()),
(25, 19, 'standard', false, NULL, 43.00, 'active', NOW()),
(25, 22, 'standard', false, NULL, 12.00, 'active', NOW()),
(25, 21, 'standard', false, NULL, 22.00, 'active', NOW()),
(25, 8, 'standard', false, NULL, 27.00, 'active', NOW()),
(26, 18, 'standard', false, NULL, 42.00, 'active', NOW()),
(26, 6, 'standard', false, NULL, 36.00, 'active', NOW()),
(27, 14, 'standard', false, NULL, 49.00, 'active', NOW()),
(27, 17, 'standard', false, NULL, 38.00, 'active', NOW()),
(27, 7, 'standard', false, NULL, 27.00, 'active', NOW()),
(27, 4, 'standard', false, NULL, 37.00, 'active', NOW()),
(27, 26, 'standard', false, NULL, 34.00, 'active', NOW()),
(27, 2, 'standard', false, NULL, 17.00, 'active', NOW()),
(27, 22, 'standard', false, NULL, 38.00, 'active', NOW()),
(27, 1, 'standard', false, NULL, 38.00, 'active', NOW()),
(27, 18, 'standard', false, NULL, 35.00, 'active', NOW()),
(28, 8, 'standard', false, NULL, 48.00, 'active', NOW()),
(28, 22, 'standard', false, NULL, 26.00, 'active', NOW()),
(29, 5, 'standard', false, NULL, 33.00, 'active', NOW()),
(29, 17, 'standard', false, NULL, 30.00, 'active', NOW()),
(29, 13, 'standard', false, NULL, 49.00, 'active', NOW()),
(29, 2, 'standard', false, NULL, 22.00, 'active', NOW()),
(29, 23, 'standard', false, NULL, 25.00, 'active', NOW()),
(29, 6, 'standard', false, NULL, 17.00, 'active', NOW()),
(30, 1, 'standard', false, NULL, 26.00, 'active', NOW()),
(30, 7, 'standard', false, NULL, 49.00, 'active', NOW()),
(30, 10, 'standard', false, NULL, 50.00, 'active', NOW()),
(30, 26, 'standard', false, NULL, 43.00, 'active', NOW()),
(30, 23, 'standard', false, NULL, 19.00, 'active', NOW()),
(31, 17, 'standard', false, NULL, 14.00, 'active', NOW()),
(31, 8, 'standard', false, NULL, 40.00, 'active', NOW()),
(31, 9, 'standard', false, NULL, 48.00, 'active', NOW()),
(31, 2, 'standard', false, NULL, 28.00, 'active', NOW()),
(33, 11, 'standard', false, NULL, 24.00, 'active', NOW()),
(33, 17, 'standard', false, NULL, 33.00, 'active', NOW()),
(33, 10, 'standard', false, NULL, 43.00, 'active', NOW()),
(34, 18, 'standard', false, NULL, 42.00, 'active', NOW()),
(34, 21, 'standard', false, NULL, 48.00, 'active', NOW()),
(34, 2, 'standard', false, NULL, 49.00, 'active', NOW()),
(34, 14, 'standard', false, NULL, 48.00, 'active', NOW()),
(34, 7, 'standard', false, NULL, 16.00, 'active', NOW()),
(34, 25, 'standard', false, NULL, 29.00, 'active', NOW()),
(34, 23, 'standard', false, NULL, 11.00, 'active', NOW()),
(34, 1, 'standard', false, NULL, 33.00, 'active', NOW()),
(35, 23, 'standard', false, NULL, 20.00, 'active', NOW()),
(35, 5, 'standard', false, NULL, 17.00, 'active', NOW()),
(35, 1, 'standard', false, NULL, 35.00, 'active', NOW()),
(36, 21, 'standard', false, NULL, 18.00, 'active', NOW()),
(36, 6, 'standard', false, NULL, 23.00, 'active', NOW()),
(36, 10, 'standard', false, NULL, 24.00, 'active', NOW()),
(36, 12, 'standard', false, NULL, 19.00, 'active', NOW()),
(36, 5, 'standard', false, NULL, 21.00, 'active', NOW()),
(36, 11, 'standard', false, NULL, 22.00, 'active', NOW()),
(37, 26, 'standard', false, NULL, 25.00, 'active', NOW()),
(37, 20, 'standard', false, NULL, 14.00, 'active', NOW()),
(37, 17, 'standard', false, NULL, 15.00, 'active', NOW()),
(38, 4, 'standard', false, NULL, 21.00, 'active', NOW()),
(38, 23, 'standard', false, NULL, 10.00, 'active', NOW()),
(38, 21, 'standard', false, NULL, 17.00, 'active', NOW()),
(38, 13, 'standard', false, NULL, 47.00, 'active', NOW()),
(38, 18, 'standard', false, NULL, 48.00, 'active', NOW()),
(38, 25, 'standard', false, NULL, 26.00, 'active', NOW()),
(39, 10, 'standard', false, NULL, 37.00, 'active', NOW()),
(39, 2, 'standard', false, NULL, 35.00, 'active', NOW()),
(39, 12, 'standard', false, NULL, 20.00, 'active', NOW()),
(39, 9, 'standard', false, NULL, 26.00, 'active', NOW()),
(39, 24, 'standard', false, NULL, 47.00, 'active', NOW()),
(39, 23, 'standard', false, NULL, 42.00, 'active', NOW()),
(39, 5, 'standard', false, NULL, 22.00, 'active', NOW()),
(39, 19, 'standard', false, NULL, 39.00, 'active', NOW()),
(40, 26, 'standard', false, NULL, 46.00, 'active', NOW()),
(40, 7, 'standard', false, NULL, 18.00, 'active', NOW()),
(40, 9, 'standard', false, NULL, 39.00, 'active', NOW()),
(40, 25, 'standard', false, NULL, 32.00, 'active', NOW()),
(40, 19, 'standard', false, NULL, 50.00, 'active', NOW()),
(40, 3, 'standard', false, NULL, 45.00, 'active', NOW()),
(40, 23, 'standard', false, NULL, 19.00, 'active', NOW()),
(41, 26, 'standard', false, NULL, 48.00, 'active', NOW()),
(41, 6, 'standard', false, NULL, 47.00, 'active', NOW()),
(41, 22, 'standard', false, NULL, 10.00, 'active', NOW()),
(41, 3, 'standard', false, NULL, 27.00, 'active', NOW()),
(42, 7, 'standard', false, NULL, 43.00, 'active', NOW()),
(42, 20, 'standard', false, NULL, 45.00, 'active', NOW()),
(42, 14, 'standard', false, NULL, 12.00, 'active', NOW()),
(42, 9, 'standard', false, NULL, 19.00, 'active', NOW()),
(42, 6, 'standard', false, NULL, 12.00, 'active', NOW()),
(42, 10, 'standard', false, NULL, 12.00, 'active', NOW()),
(42, 8, 'standard', false, NULL, 21.00, 'active', NOW()),
(42, 23, 'standard', false, NULL, 13.00, 'active', NOW()),
(42, 18, 'standard', false, NULL, 39.00, 'active', NOW()),
(42, 12, 'standard', false, NULL, 17.00, 'active', NOW()),
(43, 23, 'standard', false, NULL, 31.00, 'active', NOW()),
(43, 11, 'standard', false, NULL, 42.00, 'active', NOW()),
(43, 15, 'standard', false, NULL, 33.00, 'active', NOW()),
(43, 22, 'standard', false, NULL, 26.00, 'active', NOW()),
(44, 10, 'standard', false, NULL, 50.00, 'active', NOW()),
(44, 24, 'standard', false, NULL, 20.00, 'active', NOW()),
(44, 7, 'standard', false, NULL, 50.00, 'active', NOW()),
(44, 13, 'standard', false, NULL, 13.00, 'active', NOW()),
(44, 23, 'standard', false, NULL, 29.00, 'active', NOW()),
(44, 6, 'standard', false, NULL, 46.00, 'active', NOW()),
(44, 18, 'standard', false, NULL, 27.00, 'active', NOW()),
(44, 15, 'standard', false, NULL, 28.00, 'active', NOW()),
(44, 5, 'standard', false, NULL, 46.00, 'active', NOW()),
(45, 18, 'standard', false, NULL, 11.00, 'active', NOW()),
(45, 25, 'standard', false, NULL, 28.00, 'active', NOW()),
(45, 1, 'standard', false, NULL, 37.00, 'active', NOW()),
(45, 4, 'standard', false, NULL, 27.00, 'active', NOW()),
(45, 5, 'standard', false, NULL, 23.00, 'active', NOW()),
(45, 16, 'standard', false, NULL, 35.00, 'active', NOW()),
(45, 6, 'standard', false, NULL, 43.00, 'active', NOW()),
(46, 5, 'standard', false, NULL, 25.00, 'active', NOW()),
(47, 11, 'standard', false, NULL, 23.00, 'active', NOW()),
(47, 23, 'standard', false, NULL, 37.00, 'active', NOW()),
(47, 12, 'standard', false, NULL, 22.00, 'active', NOW()),
(47, 26, 'standard', false, NULL, 16.00, 'active', NOW()),
(47, 3, 'standard', false, NULL, 14.00, 'active', NOW()),
(47, 15, 'standard', false, NULL, 15.00, 'active', NOW()),
(48, 22, 'standard', false, NULL, 24.00, 'active', NOW()),
(48, 24, 'standard', false, NULL, 49.00, 'active', NOW()),
(48, 1, 'standard', false, NULL, 38.00, 'active', NOW()),
(48, 5, 'standard', false, NULL, 30.00, 'active', NOW()),
(48, 9, 'standard', false, NULL, 36.00, 'active', NOW()),
(48, 26, 'standard', false, NULL, 32.00, 'active', NOW()),
(48, 13, 'standard', false, NULL, 25.00, 'active', NOW()),
(48, 25, 'standard', false, NULL, 42.00, 'active', NOW()),
(48, 23, 'standard', false, NULL, 39.00, 'active', NOW()),
(49, 15, 'standard', false, NULL, 36.00, 'active', NOW()),
(49, 10, 'standard', false, NULL, 19.00, 'active', NOW()),
(50, 8, 'standard', false, NULL, 23.00, 'active', NOW()),
(50, 3, 'standard', false, NULL, 16.00, 'active', NOW()),
(51, 17, 'standard', false, NULL, 27.00, 'active', NOW()),
(51, 13, 'standard', false, NULL, 32.00, 'active', NOW()),
(52, 18, 'standard', false, NULL, 31.00, 'active', NOW()),
(52, 20, 'standard', false, NULL, 16.00, 'active', NOW()),
(52, 17, 'standard', false, NULL, 34.00, 'active', NOW()),
(52, 13, 'standard', false, NULL, 27.00, 'active', NOW()),
(52, 16, 'standard', false, NULL, 26.00, 'active', NOW()),
(52, 19, 'standard', false, NULL, 35.00, 'active', NOW()),
(52, 14, 'standard', false, NULL, 17.00, 'active', NOW()),
(52, 25, 'standard', false, NULL, 15.00, 'active', NOW()),
(52, 10, 'standard', false, NULL, 29.00, 'active', NOW()),
(53, 20, 'standard', false, NULL, 48.00, 'active', NOW()),
(54, 20, 'standard', false, NULL, 31.00, 'active', NOW()),
(54, 19, 'standard', false, NULL, 10.00, 'active', NOW()),
(54, 3, 'standard', false, NULL, 16.00, 'active', NOW()),
(54, 6, 'standard', false, NULL, 31.00, 'active', NOW()),
(54, 26, 'standard', false, NULL, 49.00, 'active', NOW()),
(54, 5, 'standard', false, NULL, 32.00, 'active', NOW()),
(54, 16, 'standard', false, NULL, 50.00, 'active', NOW()),
(54, 14, 'standard', false, NULL, 41.00, 'active', NOW()),
(55, 10, 'standard', false, NULL, 50.00, 'active', NOW()),
(55, 11, 'standard', false, NULL, 47.00, 'active', NOW()),
(55, 2, 'standard', false, NULL, 35.00, 'active', NOW()),
(55, 20, 'standard', false, NULL, 42.00, 'active', NOW()),
(55, 3, 'standard', false, NULL, 48.00, 'active', NOW()),
(55, 14, 'standard', false, NULL, 15.00, 'active', NOW()),
(55, 26, 'standard', false, NULL, 15.00, 'active', NOW()),
(55, 22, 'standard', false, NULL, 33.00, 'active', NOW()),
(56, 23, 'standard', false, NULL, 34.00, 'active', NOW()),
(56, 25, 'standard', false, NULL, 24.00, 'active', NOW()),
(56, 11, 'standard', false, NULL, 33.00, 'active', NOW()),
(58, 10, 'standard', false, NULL, 39.00, 'active', NOW()),
(58, 3, 'standard', false, NULL, 12.00, 'active', NOW()),
(58, 24, 'standard', false, NULL, 28.00, 'active', NOW()),
(58, 4, 'standard', false, NULL, 40.00, 'active', NOW()),
(58, 12, 'standard', false, NULL, 17.00, 'active', NOW()),
(58, 9, 'standard', false, NULL, 35.00, 'active', NOW()),
(58, 1, 'standard', false, NULL, 16.00, 'active', NOW()),
(58, 25, 'standard', false, NULL, 33.00, 'active', NOW()),
(59, 1, 'standard', false, NULL, 33.00, 'active', NOW()),
(59, 22, 'standard', false, NULL, 36.00, 'active', NOW()),
(60, 3, 'standard', false, NULL, 48.00, 'active', NOW()),
(60, 21, 'standard', false, NULL, 32.00, 'active', NOW()),
(60, 16, 'standard', false, NULL, 23.00, 'active', NOW()),
(60, 4, 'standard', false, NULL, 45.00, 'active', NOW()),
(60, 23, 'standard', false, NULL, 20.00, 'active', NOW()),
(60, 10, 'standard', false, NULL, 41.00, 'active', NOW()),
(60, 25, 'standard', false, NULL, 11.00, 'active', NOW()),
(60, 13, 'standard', false, NULL, 38.00, 'active', NOW()),
(60, 2, 'standard', false, NULL, 20.00, 'active', NOW()),
(60, 26, 'standard', false, NULL, 23.00, 'active', NOW()),
(61, 21, 'standard', false, NULL, 27.00, 'active', NOW()),
(61, 6, 'standard', false, NULL, 48.00, 'active', NOW()),
(62, 6, 'standard', false, NULL, 28.00, 'active', NOW()),
(62, 1, 'standard', false, NULL, 38.00, 'active', NOW()),
(63, 6, 'standard', false, NULL, 24.00, 'active', NOW()),
(63, 26, 'standard', false, NULL, 25.00, 'active', NOW()),
(63, 15, 'standard', false, NULL, 25.00, 'active', NOW()),
(63, 22, 'standard', false, NULL, 36.00, 'active', NOW()),
(63, 8, 'standard', false, NULL, 35.00, 'active', NOW()),
(63, 11, 'standard', false, NULL, 10.00, 'active', NOW()),
(63, 16, 'standard', false, NULL, 17.00, 'active', NOW()),
(63, 5, 'standard', false, NULL, 16.00, 'active', NOW()),
(64, 23, 'standard', false, NULL, 12.00, 'active', NOW()),
(64, 5, 'standard', false, NULL, 37.00, 'active', NOW()),
(65, 17, 'standard', false, NULL, 28.00, 'active', NOW()),
(66, 19, 'standard', false, NULL, 46.00, 'active', NOW()),
(66, 20, 'standard', false, NULL, 36.00, 'active', NOW()),
(66, 13, 'standard', false, NULL, 28.00, 'active', NOW()),
(66, 23, 'standard', false, NULL, 32.00, 'active', NOW()),
(66, 5, 'standard', false, NULL, 37.00, 'active', NOW()),
(66, 17, 'standard', false, NULL, 34.00, 'active', NOW()),
(66, 11, 'standard', false, NULL, 38.00, 'active', NOW()),
(66, 15, 'standard', false, NULL, 41.00, 'active', NOW()),
(66, 18, 'standard', false, NULL, 16.00, 'active', NOW()),
(67, 21, 'standard', false, NULL, 34.00, 'active', NOW()),
(67, 19, 'standard', false, NULL, 13.00, 'active', NOW()),
(67, 5, 'standard', false, NULL, 13.00, 'active', NOW()),
(67, 2, 'standard', false, NULL, 49.00, 'active', NOW()),
(67, 8, 'standard', false, NULL, 44.00, 'active', NOW()),
(67, 1, 'standard', false, NULL, 20.00, 'active', NOW()),
(67, 7, 'standard', false, NULL, 50.00, 'active', NOW()),
(68, 4, 'standard', false, NULL, 46.00, 'active', NOW()),
(68, 17, 'standard', false, NULL, 12.00, 'active', NOW()),
(69, 22, 'standard', false, NULL, 22.00, 'active', NOW()),
(69, 20, 'standard', false, NULL, 23.00, 'active', NOW()),
(69, 26, 'standard', false, NULL, 48.00, 'active', NOW()),
(69, 16, 'standard', false, NULL, 44.00, 'active', NOW()),
(69, 7, 'standard', false, NULL, 26.00, 'active', NOW()),
(69, 17, 'standard', false, NULL, 10.00, 'active', NOW()),
(69, 9, 'standard', false, NULL, 42.00, 'active', NOW()),
(69, 2, 'standard', false, NULL, 20.00, 'active', NOW()),
(69, 15, 'standard', false, NULL, 14.00, 'active', NOW()),
(69, 23, 'standard', false, NULL, 22.00, 'active', NOW()),
(70, 10, 'standard', false, NULL, 26.00, 'active', NOW()),
(70, 23, 'standard', false, NULL, 26.00, 'active', NOW()),
(70, 22, 'standard', false, NULL, 16.00, 'active', NOW()),
(70, 2, 'standard', false, NULL, 24.00, 'active', NOW()),
(71, 24, 'standard', false, NULL, 19.00, 'active', NOW()),
(71, 1, 'standard', false, NULL, 31.00, 'active', NOW()),
(71, 5, 'standard', false, NULL, 30.00, 'active', NOW()),
(71, 10, 'standard', false, NULL, 37.00, 'active', NOW()),
(71, 16, 'standard', false, NULL, 23.00, 'active', NOW()),
(72, 25, 'standard', false, NULL, 28.00, 'active', NOW()),
(72, 13, 'standard', false, NULL, 46.00, 'active', NOW()),
(72, 14, 'standard', false, NULL, 38.00, 'active', NOW()),
(72, 16, 'standard', false, NULL, 33.00, 'active', NOW()),
(72, 12, 'standard', false, NULL, 34.00, 'active', NOW()),
(72, 7, 'standard', false, NULL, 19.00, 'active', NOW()),
(72, 10, 'standard', false, NULL, 14.00, 'active', NOW()),
(73, 14, 'standard', false, NULL, 41.00, 'active', NOW()),
(73, 4, 'standard', false, NULL, 21.00, 'active', NOW()),
(73, 10, 'standard', false, NULL, 42.00, 'active', NOW()),
(74, 17, 'standard', false, NULL, 33.00, 'active', NOW()),
(74, 12, 'standard', false, NULL, 15.00, 'active', NOW()),
(74, 5, 'standard', false, NULL, 39.00, 'active', NOW()),
(76, 13, 'standard', false, NULL, 38.00, 'active', NOW()),
(77, 16, 'standard', false, NULL, 20.00, 'active', NOW()),
(77, 10, 'standard', false, NULL, 13.00, 'active', NOW()),
(77, 5, 'standard', false, NULL, 24.00, 'active', NOW()),
(77, 12, 'standard', false, NULL, 18.00, 'active', NOW()),
(78, 24, 'standard', false, NULL, 18.00, 'active', NOW()),
(78, 11, 'standard', false, NULL, 20.00, 'active', NOW()),
(78, 10, 'standard', false, NULL, 23.00, 'active', NOW()),
(78, 2, 'standard', false, NULL, 37.00, 'active', NOW()),
(78, 3, 'standard', false, NULL, 33.00, 'active', NOW()),
(78, 9, 'standard', false, NULL, 25.00, 'active', NOW()),
(78, 21, 'standard', false, NULL, 47.00, 'active', NOW()),
(78, 20, 'standard', false, NULL, 40.00, 'active', NOW()),
(78, 12, 'standard', false, NULL, 37.00, 'active', NOW()),
(78, 13, 'standard', false, NULL, 33.00, 'active', NOW()),
(79, 19, 'standard', false, NULL, 46.00, 'active', NOW()),
(79, 26, 'standard', false, NULL, 36.00, 'active', NOW()),
(79, 23, 'standard', false, NULL, 10.00, 'active', NOW()),
(79, 20, 'standard', false, NULL, 45.00, 'active', NOW()),
(79, 12, 'standard', false, NULL, 28.00, 'active', NOW()),
(79, 25, 'standard', false, NULL, 25.00, 'active', NOW()),
(79, 17, 'standard', false, NULL, 38.00, 'active', NOW()),
(79, 4, 'standard', false, NULL, 17.00, 'active', NOW()),
(80, 22, 'standard', false, NULL, 21.00, 'active', NOW()),
(80, 2, 'standard', false, NULL, 17.00, 'active', NOW()),
(80, 14, 'standard', false, NULL, 14.00, 'active', NOW()),
(81, 5, 'standard', false, NULL, 40.00, 'active', NOW()),
(81, 18, 'standard', false, NULL, 23.00, 'active', NOW()),
(81, 7, 'standard', false, NULL, 32.00, 'active', NOW()),
(81, 25, 'standard', false, NULL, 34.00, 'active', NOW()),
(81, 12, 'standard', false, NULL, 44.00, 'active', NOW()),
(81, 2, 'standard', false, NULL, 17.00, 'active', NOW()),
(81, 14, 'standard', false, NULL, 34.00, 'active', NOW()),
(82, 3, 'standard', false, NULL, 36.00, 'active', NOW()),
(82, 9, 'standard', false, NULL, 45.00, 'active', NOW()),
(82, 19, 'standard', false, NULL, 31.00, 'active', NOW()),
(82, 13, 'standard', false, NULL, 15.00, 'active', NOW()),
(82, 11, 'standard', false, NULL, 42.00, 'active', NOW()),
(82, 20, 'standard', false, NULL, 35.00, 'active', NOW()),
(82, 10, 'standard', false, NULL, 29.00, 'active', NOW()),
(82, 1, 'standard', false, NULL, 36.00, 'active', NOW()),
(83, 5, 'standard', false, NULL, 16.00, 'active', NOW()),
(83, 26, 'standard', false, NULL, 40.00, 'active', NOW()),
(83, 8, 'standard', false, NULL, 26.00, 'active', NOW()),
(83, 22, 'standard', false, NULL, 11.00, 'active', NOW()),
(83, 3, 'standard', false, NULL, 40.00, 'active', NOW()),
(83, 7, 'standard', false, NULL, 33.00, 'active', NOW()),
(83, 11, 'standard', false, NULL, 35.00, 'active', NOW()),
(83, 24, 'standard', false, NULL, 27.00, 'active', NOW()),
(84, 11, 'standard', false, NULL, 36.00, 'active', NOW()),
(84, 20, 'standard', false, NULL, 34.00, 'active', NOW()),
(84, 5, 'standard', false, NULL, 16.00, 'active', NOW()),
(84, 4, 'standard', false, NULL, 46.00, 'active', NOW()),
(84, 24, 'standard', false, NULL, 29.00, 'active', NOW()),
(84, 16, 'standard', false, NULL, 44.00, 'active', NOW()),
(84, 26, 'standard', false, NULL, 28.00, 'active', NOW()),
(84, 8, 'standard', false, NULL, 49.00, 'active', NOW()),
(84, 18, 'standard', false, NULL, 22.00, 'active', NOW()),
(84, 19, 'standard', false, NULL, 38.00, 'active', NOW()),
(85, 7, 'standard', false, NULL, 11.00, 'active', NOW()),
(85, 18, 'standard', false, NULL, 13.00, 'active', NOW()),
(85, 23, 'standard', false, NULL, 39.00, 'active', NOW()),
(85, 11, 'standard', false, NULL, 49.00, 'active', NOW()),
(85, 19, 'standard', false, NULL, 21.00, 'active', NOW()),
(85, 14, 'standard', false, NULL, 49.00, 'active', NOW()),
(85, 9, 'standard', false, NULL, 15.00, 'active', NOW()),
(85, 4, 'standard', false, NULL, 20.00, 'active', NOW()),
(85, 10, 'standard', false, NULL, 37.00, 'active', NOW()),
(85, 12, 'standard', false, NULL, 47.00, 'active', NOW()),
(86, 19, 'standard', false, NULL, 21.00, 'active', NOW()),
(86, 11, 'standard', false, NULL, 22.00, 'active', NOW()),
(86, 14, 'standard', false, NULL, 23.00, 'active', NOW()),
(86, 18, 'standard', false, NULL, 45.00, 'active', NOW()),
(86, 10, 'standard', false, NULL, 15.00, 'active', NOW()),
(86, 17, 'standard', false, NULL, 45.00, 'active', NOW()),
(86, 15, 'standard', false, NULL, 45.00, 'active', NOW()),
(87, 17, 'standard', false, NULL, 45.00, 'active', NOW()),
(87, 9, 'standard', false, NULL, 33.00, 'active', NOW()),
(87, 26, 'standard', false, NULL, 29.00, 'active', NOW()),
(87, 5, 'standard', false, NULL, 21.00, 'active', NOW()),
(87, 3, 'standard', false, NULL, 20.00, 'active', NOW()),
(87, 7, 'standard', false, NULL, 18.00, 'active', NOW()),
(89, 19, 'standard', false, NULL, 22.00, 'active', NOW()),
(89, 12, 'standard', false, NULL, 33.00, 'active', NOW()),
(89, 23, 'standard', false, NULL, 19.00, 'active', NOW()),
(89, 22, 'standard', false, NULL, 21.00, 'active', NOW()),
(89, 25, 'standard', false, NULL, 28.00, 'active', NOW()),
(89, 10, 'standard', false, NULL, 34.00, 'active', NOW()),
(90, 20, 'standard', false, NULL, 31.00, 'active', NOW()),
(90, 25, 'standard', false, NULL, 30.00, 'active', NOW()),
(90, 11, 'standard', false, NULL, 40.00, 'active', NOW()),
(90, 10, 'standard', false, NULL, 23.00, 'active', NOW()),
(90, 5, 'standard', false, NULL, 33.00, 'active', NOW()),
(90, 8, 'standard', false, NULL, 50.00, 'active', NOW()),
(90, 12, 'standard', false, NULL, 20.00, 'active', NOW()),
(90, 16, 'standard', false, NULL, 23.00, 'active', NOW()),
(90, 21, 'standard', false, NULL, 30.00, 'active', NOW()),
(90, 22, 'standard', false, NULL, 42.00, 'active', NOW()),
(91, 21, 'standard', false, NULL, 30.00, 'active', NOW()),
(91, 2, 'standard', false, NULL, 40.00, 'active', NOW()),
(91, 12, 'standard', false, NULL, 49.00, 'active', NOW()),
(91, 3, 'standard', false, NULL, 39.00, 'active', NOW()),
(91, 5, 'standard', false, NULL, 45.00, 'active', NOW()),
(91, 24, 'standard', false, NULL, 12.00, 'active', NOW()),
(91, 8, 'standard', false, NULL, 17.00, 'active', NOW()),
(91, 11, 'standard', false, NULL, 41.00, 'active', NOW()),
(92, 11, 'standard', false, NULL, 11.00, 'active', NOW()),
(92, 22, 'standard', false, NULL, 11.00, 'active', NOW()),
(92, 5, 'standard', false, NULL, 49.00, 'active', NOW()),
(92, 8, 'standard', false, NULL, 35.00, 'active', NOW()),
(93, 15, 'standard', false, NULL, 18.00, 'active', NOW()),
(93, 13, 'standard', false, NULL, 18.00, 'active', NOW()),
(93, 19, 'standard', false, NULL, 15.00, 'active', NOW()),
(93, 7, 'standard', false, NULL, 19.00, 'active', NOW()),
(93, 12, 'standard', false, NULL, 22.00, 'active', NOW()),
(93, 11, 'standard', false, NULL, 19.00, 'active', NOW()),
(93, 2, 'standard', false, NULL, 12.00, 'active', NOW()),
(93, 16, 'standard', false, NULL, 13.00, 'active', NOW()),
(94, 8, 'standard', false, NULL, 18.00, 'active', NOW()),
(94, 26, 'standard', false, NULL, 23.00, 'active', NOW()),
(94, 10, 'standard', false, NULL, 33.00, 'active', NOW()),
(94, 23, 'standard', false, NULL, 38.00, 'active', NOW()),
(94, 3, 'standard', false, NULL, 34.00, 'active', NOW()),
(95, 23, 'standard', false, NULL, 48.00, 'active', NOW()),
(95, 18, 'standard', false, NULL, 16.00, 'active', NOW()),
(95, 16, 'standard', false, NULL, 40.00, 'active', NOW()),
(95, 7, 'standard', false, NULL, 40.00, 'active', NOW()),
(95, 22, 'standard', false, NULL, 41.00, 'active', NOW()),
(95, 2, 'standard', false, NULL, 10.00, 'active', NOW()),
(96, 26, 'standard', false, NULL, 38.00, 'active', NOW()),
(96, 19, 'standard', false, NULL, 17.00, 'active', NOW()),
(96, 2, 'standard', false, NULL, 19.00, 'active', NOW()),
(96, 25, 'standard', false, NULL, 34.00, 'active', NOW()),
(96, 24, 'standard', false, NULL, 30.00, 'active', NOW()),
(96, 6, 'standard', false, NULL, 50.00, 'active', NOW()),
(96, 7, 'standard', false, NULL, 30.00, 'active', NOW()),
(96, 14, 'standard', false, NULL, 49.00, 'active', NOW()),
(96, 5, 'standard', false, NULL, 23.00, 'active', NOW()),
(96, 8, 'standard', false, NULL, 33.00, 'active', NOW()),
(97, 14, 'standard', false, NULL, 39.00, 'active', NOW()),
(97, 1, 'standard', false, NULL, 41.00, 'active', NOW()),
(97, 10, 'standard', false, NULL, 25.00, 'active', NOW()),
(97, 4, 'standard', false, NULL, 24.00, 'active', NOW()),
(98, 24, 'standard', false, NULL, 37.00, 'active', NOW()),
(98, 5, 'standard', false, NULL, 47.00, 'active', NOW()),
(98, 2, 'standard', false, NULL, 23.00, 'active', NOW()),
(98, 9, 'standard', false, NULL, 20.00, 'active', NOW()),
(98, 15, 'standard', false, NULL, 20.00, 'active', NOW()),
(98, 20, 'standard', false, NULL, 17.00, 'active', NOW()),
(98, 22, 'standard', false, NULL, 15.00, 'active', NOW()),
(98, 12, 'standard', false, NULL, 18.00, 'active', NOW()),
(98, 11, 'standard', false, NULL, 13.00, 'active', NOW()),
(98, 3, 'standard', false, NULL, 43.00, 'active', NOW()),
(100, 23, 'standard', false, NULL, 50.00, 'active', NOW()),
(100, 2, 'standard', false, NULL, 11.00, 'active', NOW()),
(100, 20, 'standard', false, NULL, 44.00, 'active', NOW()),
(100, 24, 'standard', false, NULL, 43.00, 'active', NOW()),
(100, 1, 'standard', false, NULL, 16.00, 'active', NOW()),
(100, 16, 'standard', false, NULL, 28.00, 'active', NOW()),
(100, 12, 'standard', false, NULL, 20.00, 'active', NOW()),
(100, 13, 'standard', false, NULL, 39.00, 'active', NOW()),
(100, 9, 'standard', false, NULL, 49.00, 'active', NOW()),
(100, 21, 'standard', false, NULL, 37.00, 'active', NOW());

-- 9. Needs & Apps
INSERT INTO needs_eventneed (id, event_id, title, description, category, criticality, budget_min, budget_max, status, assigned_vendor_id, application_count, created_at) VALUES
(1, 5, 'Need 1', '', 'Service', 'replaceable', NULL, 500.00, 'filled', 13, 1, NOW()),
(2, 6, 'Need 2', '', 'Service', 'replaceable', NULL, 500.00, 'open', NULL, 1, NOW()),
(3, 6, 'Need 3', '', 'Service', 'replaceable', NULL, 500.00, 'open', NULL, 1, NOW()),
(4, 6, 'Need 4', '', 'Service', 'replaceable', NULL, 500.00, 'filled', 6, 1, NOW()),
(5, 8, 'Need 5', '', 'Service', 'replaceable', NULL, 500.00, 'open', NULL, 1, NOW()),
(6, 8, 'Need 6', '', 'Service', 'replaceable', NULL, 500.00, 'open', NULL, 1, NOW()),
(7, 13, 'Need 7', '', 'Service', 'replaceable', NULL, 500.00, 'filled', 12, 1, NOW()),
(8, 13, 'Need 8', '', 'Service', 'replaceable', NULL, 500.00, 'filled', 15, 1, NOW()),
(9, 17, 'Need 9', '', 'Service', 'replaceable', NULL, 500.00, 'open', NULL, 1, NOW()),
(10, 17, 'Need 10', '', 'Service', 'replaceable', NULL, 500.00, 'filled', 10, 1, NOW()),
(11, 17, 'Need 11', '', 'Service', 'replaceable', NULL, 500.00, 'filled', 12, 1, NOW()),
(12, 18, 'Need 12', '', 'Service', 'replaceable', NULL, 500.00, 'open', NULL, 1, NOW()),
(13, 18, 'Need 13', '', 'Service', 'replaceable', NULL, 500.00, 'open', NULL, 1, NOW()),
(14, 23, 'Need 14', '', 'Service', 'replaceable', NULL, 500.00, 'open', NULL, 1, NOW()),
(15, 23, 'Need 15', '', 'Service', 'replaceable', NULL, 500.00, 'open', NULL, 1, NOW()),
(16, 24, 'Need 16', '', 'Service', 'replaceable', NULL, 500.00, 'open', NULL, 1, NOW()),
(17, 24, 'Need 17', '', 'Service', 'replaceable', NULL, 500.00, 'filled', 9, 1, NOW()),
(18, 24, 'Need 18', '', 'Service', 'replaceable', NULL, 500.00, 'filled', 8, 1, NOW()),
(19, 33, 'Need 19', '', 'Service', 'replaceable', NULL, 500.00, 'open', NULL, 1, NOW()),
(20, 33, 'Need 20', '', 'Service', 'replaceable', NULL, 500.00, 'filled', 8, 1, NOW()),
(21, 36, 'Need 21', '', 'Service', 'replaceable', NULL, 500.00, 'open', NULL, 1, NOW()),
(22, 39, 'Need 22', '', 'Service', 'replaceable', NULL, 500.00, 'open', NULL, 1, NOW()),
(23, 39, 'Need 23', '', 'Service', 'replaceable', NULL, 500.00, 'filled', 11, 1, NOW()),
(24, 45, 'Need 24', '', 'Service', 'replaceable', NULL, 500.00, 'filled', 13, 1, NOW()),
(25, 45, 'Need 25', '', 'Service', 'replaceable', NULL, 500.00, 'open', NULL, 1, NOW()),
(26, 45, 'Need 26', '', 'Service', 'replaceable', NULL, 500.00, 'open', NULL, 1, NOW()),
(27, 46, 'Need 27', '', 'Service', 'replaceable', NULL, 500.00, 'filled', 9, 1, NOW()),
(28, 46, 'Need 28', '', 'Service', 'replaceable', NULL, 500.00, 'open', NULL, 1, NOW()),
(29, 50, 'Need 29', '', 'Service', 'replaceable', NULL, 500.00, 'filled', 14, 1, NOW()),
(30, 50, 'Need 30', '', 'Service', 'replaceable', NULL, 500.00, 'open', NULL, 1, NOW()),
(31, 50, 'Need 31', '', 'Service', 'replaceable', NULL, 500.00, 'filled', 13, 1, NOW()),
(32, 53, 'Need 32', '', 'Service', 'replaceable', NULL, 500.00, 'open', NULL, 1, NOW()),
(33, 53, 'Need 33', '', 'Service', 'replaceable', NULL, 500.00, 'filled', 14, 1, NOW()),
(34, 53, 'Need 34', '', 'Service', 'replaceable', NULL, 500.00, 'open', NULL, 1, NOW()),
(35, 61, 'Need 35', '', 'Service', 'replaceable', NULL, 500.00, 'filled', 12, 1, NOW()),
(36, 61, 'Need 36', '', 'Service', 'replaceable', NULL, 500.00, 'open', NULL, 1, NOW()),
(37, 61, 'Need 37', '', 'Service', 'replaceable', NULL, 500.00, 'filled', 10, 1, NOW()),
(38, 62, 'Need 38', '', 'Service', 'replaceable', NULL, 500.00, 'filled', 12, 1, NOW()),
(39, 69, 'Need 39', '', 'Service', 'replaceable', NULL, 500.00, 'filled', 7, 1, NOW()),
(40, 69, 'Need 40', '', 'Service', 'replaceable', NULL, 500.00, 'open', NULL, 1, NOW()),
(41, 69, 'Need 41', '', 'Service', 'replaceable', NULL, 500.00, 'open', NULL, 1, NOW()),
(42, 74, 'Need 42', '', 'Service', 'replaceable', NULL, 500.00, 'open', NULL, 1, NOW()),
(43, 74, 'Need 43', '', 'Service', 'replaceable', NULL, 500.00, 'open', NULL, 1, NOW()),
(44, 74, 'Need 44', '', 'Service', 'replaceable', NULL, 500.00, 'filled', 13, 1, NOW()),
(45, 79, 'Need 45', '', 'Service', 'replaceable', NULL, 500.00, 'open', NULL, 1, NOW()),
(46, 79, 'Need 46', '', 'Service', 'replaceable', NULL, 500.00, 'open', NULL, 1, NOW()),
(47, 79, 'Need 47', '', 'Service', 'replaceable', NULL, 500.00, 'open', NULL, 1, NOW()),
(48, 81, 'Need 48', '', 'Service', 'replaceable', NULL, 500.00, 'filled', 9, 1, NOW()),
(49, 83, 'Need 49', '', 'Service', 'replaceable', NULL, 500.00, 'open', NULL, 1, NOW()),
(50, 89, 'Need 50', '', 'Service', 'replaceable', NULL, 500.00, 'filled', 6, 1, NOW()),
(51, 89, 'Need 51', '', 'Service', 'replaceable', NULL, 500.00, 'filled', 12, 1, NOW()),
(52, 92, 'Need 52', '', 'Service', 'replaceable', NULL, 500.00, 'filled', 9, 1, NOW()),
(53, 92, 'Need 53', '', 'Service', 'replaceable', NULL, 500.00, 'open', NULL, 1, NOW()),
(54, 93, 'Need 54', '', 'Service', 'replaceable', NULL, 500.00, 'filled', 9, 1, NOW()),
(55, 93, 'Need 55', '', 'Service', 'replaceable', NULL, 500.00, 'filled', 10, 1, NOW()),
(56, 98, 'Need 56', '', 'Service', 'replaceable', NULL, 500.00, 'filled', 10, 1, NOW()),
(57, 98, 'Need 57', '', 'Service', 'replaceable', NULL, 500.00, 'open', NULL, 1, NOW()),
(58, 98, 'Need 58', '', 'Service', 'replaceable', NULL, 500.00, 'open', NULL, 1, NOW()),
(59, 99, 'Need 59', '', 'Service', 'replaceable', NULL, 500.00, 'filled', 9, 1, NOW()),
(60, 100, 'Need 60', '', 'Service', 'replaceable', NULL, 500.00, 'filled', 15, 1, NOW()),
(61, 100, 'Need 61', '', 'Service', 'replaceable', NULL, 500.00, 'filled', 6, 1, NOW());

INSERT INTO needs_needapplication (need_id, vendor_id, service_id, message, proposed_price, status, created_at) VALUES
(1, 13, 8, 'I can do this!', 500.00, 'accepted', NOW()),
(4, 6, 1, 'I can do this!', 500.00, 'accepted', NOW()),
(7, 12, 7, 'I can do this!', 500.00, 'accepted', NOW()),
(8, 15, 10, 'I can do this!', 500.00, 'accepted', NOW()),
(10, 10, 5, 'I can do this!', 500.00, 'accepted', NOW()),
(11, 12, 7, 'I can do this!', 500.00, 'accepted', NOW()),
(17, 9, 4, 'I can do this!', 500.00, 'accepted', NOW()),
(18, 8, 3, 'I can do this!', 500.00, 'accepted', NOW()),
(20, 8, 3, 'I can do this!', 500.00, 'accepted', NOW()),
(23, 11, 6, 'I can do this!', 500.00, 'accepted', NOW()),
(24, 13, 8, 'I can do this!', 500.00, 'accepted', NOW()),
(27, 9, 4, 'I can do this!', 500.00, 'accepted', NOW()),
(29, 14, 9, 'I can do this!', 500.00, 'accepted', NOW()),
(31, 13, 8, 'I can do this!', 500.00, 'accepted', NOW()),
(33, 14, 9, 'I can do this!', 500.00, 'accepted', NOW()),
(35, 12, 7, 'I can do this!', 500.00, 'accepted', NOW()),
(37, 10, 5, 'I can do this!', 500.00, 'accepted', NOW()),
(38, 12, 7, 'I can do this!', 500.00, 'accepted', NOW()),
(39, 7, 2, 'I can do this!', 500.00, 'accepted', NOW()),
(44, 13, 8, 'I can do this!', 500.00, 'accepted', NOW()),
(48, 9, 4, 'I can do this!', 500.00, 'accepted', NOW()),
(50, 6, 1, 'I can do this!', 500.00, 'accepted', NOW()),
(51, 12, 7, 'I can do this!', 500.00, 'accepted', NOW()),
(52, 9, 4, 'I can do this!', 500.00, 'accepted', NOW()),
(54, 9, 4, 'I can do this!', 500.00, 'accepted', NOW()),
(55, 10, 5, 'I can do this!', 500.00, 'accepted', NOW()),
(56, 10, 5, 'I can do this!', 500.00, 'accepted', NOW()),
(59, 9, 4, 'I can do this!', 500.00, 'accepted', NOW()),
(60, 15, 10, 'I can do this!', 500.00, 'accepted', NOW()),
(61, 6, 1, 'I can do this!', 500.00, 'accepted', NOW());

-- 10. Highlights
INSERT INTO events_eventhighlight (id, event_id, author_id, role, text, media_file, moderation_status, created_at) VALUES
(1, 76, 13, 'vendor', 'Amazing moment 1!', 'test-image.jpg', 'approved', NOW()),
(2, 8, 9, 'goer', 'Amazing moment 2!', 'test-image.jpg', 'approved', NOW()),
(3, 62, 17, 'host', 'Amazing moment 3!', 'test-image.jpg', 'approved', NOW()),
(4, 12, 7, 'host', 'Amazing moment 4!', 'test-image.jpg', 'approved', NOW()),
(5, 73, 22, 'goer', 'Amazing moment 5!', 'test-image.jpg', 'approved', NOW()),
(6, 100, 4, 'vendor', 'Amazing moment 6!', 'test-image.jpg', 'approved', NOW()),
(7, 17, 21, 'host', 'Amazing moment 7!', 'test-image.jpg', 'approved', NOW()),
(8, 98, 12, 'host', 'Amazing moment 8!', 'test-image.jpg', 'approved', NOW()),
(9, 99, 23, 'vendor', 'Amazing moment 9!', 'test-image.jpg', 'approved', NOW()),
(10, 53, 19, 'vendor', 'Amazing moment 10!', 'test-image.jpg', 'approved', NOW()),
(11, 74, 24, 'vendor', 'Amazing moment 11!', 'test-image.jpg', 'approved', NOW()),
(12, 69, 22, 'host', 'Amazing moment 12!', 'test-image.jpg', 'approved', NOW()),
(13, 10, 4, 'vendor', 'Amazing moment 13!', 'test-image.jpg', 'approved', NOW()),
(14, 53, 12, 'host', 'Amazing moment 14!', 'test-image.jpg', 'approved', NOW()),
(15, 10, 17, 'vendor', 'Amazing moment 15!', 'test-image.jpg', 'approved', NOW()),
(16, 31, 5, 'vendor', 'Amazing moment 16!', 'test-image.jpg', 'approved', NOW()),
(17, 49, 1, 'goer', 'Amazing moment 17!', 'test-image.jpg', 'approved', NOW()),
(18, 64, 6, 'host', 'Amazing moment 18!', 'test-image.jpg', 'approved', NOW()),
(19, 18, 17, 'vendor', 'Amazing moment 19!', 'test-image.jpg', 'approved', NOW()),
(20, 5, 6, 'host', 'Amazing moment 20!', 'test-image.jpg', 'approved', NOW()),
(21, 33, 20, 'host', 'Amazing moment 21!', 'test-image.jpg', 'approved', NOW()),
(22, 56, 19, 'goer', 'Amazing moment 22!', 'test-image.jpg', 'approved', NOW()),
(23, 34, 6, 'goer', 'Amazing moment 23!', 'test-image.jpg', 'approved', NOW()),
(24, 31, 8, 'vendor', 'Amazing moment 24!', 'test-image.jpg', 'approved', NOW()),
(25, 22, 17, 'host', 'Amazing moment 25!', 'test-image.jpg', 'approved', NOW()),
(26, 33, 13, 'vendor', 'Amazing moment 26!', 'test-image.jpg', 'approved', NOW()),
(27, 65, 15, 'vendor', 'Amazing moment 27!', 'test-image.jpg', 'approved', NOW()),
(28, 42, 5, 'vendor', 'Amazing moment 28!', 'test-image.jpg', 'approved', NOW()),
(29, 44, 3, 'goer', 'Amazing moment 29!', 'test-image.jpg', 'approved', NOW()),
(30, 41, 19, 'vendor', 'Amazing moment 30!', 'test-image.jpg', 'approved', NOW()),
(31, 82, 7, 'goer', 'Amazing moment 31!', 'test-image.jpg', 'approved', NOW()),
(32, 5, 22, 'goer', 'Amazing moment 32!', 'test-image.jpg', 'approved', NOW()),
(33, 20, 7, 'host', 'Amazing moment 33!', 'test-image.jpg', 'approved', NOW()),
(34, 7, 10, 'vendor', 'Amazing moment 34!', 'test-image.jpg', 'approved', NOW()),
(35, 18, 11, 'goer', 'Amazing moment 35!', 'test-image.jpg', 'approved', NOW()),
(36, 10, 11, 'goer', 'Amazing moment 36!', 'test-image.jpg', 'approved', NOW()),
(37, 11, 7, 'goer', 'Amazing moment 37!', 'test-image.jpg', 'approved', NOW()),
(38, 31, 18, 'host', 'Amazing moment 38!', 'test-image.jpg', 'approved', NOW()),
(39, 13, 1, 'vendor', 'Amazing moment 39!', 'test-image.jpg', 'approved', NOW()),
(40, 62, 1, 'vendor', 'Amazing moment 40!', 'test-image.jpg', 'approved', NOW()),
(41, 19, 8, 'goer', 'Amazing moment 41!', 'test-image.jpg', 'approved', NOW()),
(42, 56, 26, 'vendor', 'Amazing moment 42!', 'test-image.jpg', 'approved', NOW()),
(43, 33, 9, 'vendor', 'Amazing moment 43!', 'test-image.jpg', 'approved', NOW()),
(44, 5, 16, 'host', 'Amazing moment 44!', 'test-image.jpg', 'approved', NOW()),
(45, 57, 17, 'host', 'Amazing moment 45!', 'test-image.jpg', 'approved', NOW()),
(46, 97, 21, 'vendor', 'Amazing moment 46!', 'test-image.jpg', 'approved', NOW()),
(47, 24, 24, 'vendor', 'Amazing moment 47!', 'test-image.jpg', 'approved', NOW()),
(48, 86, 19, 'host', 'Amazing moment 48!', 'test-image.jpg', 'approved', NOW()),
(49, 47, 8, 'goer', 'Amazing moment 49!', 'test-image.jpg', 'approved', NOW()),
(50, 32, 13, 'goer', 'Amazing moment 50!', 'test-image.jpg', 'approved', NOW()),
(51, 31, 21, 'goer', 'Amazing moment 51!', 'test-image.jpg', 'approved', NOW()),
(52, 6, 10, 'vendor', 'Amazing moment 52!', 'test-image.jpg', 'approved', NOW()),
(53, 72, 22, 'vendor', 'Amazing moment 53!', 'test-image.jpg', 'approved', NOW()),
(54, 76, 26, 'vendor', 'Amazing moment 54!', 'test-image.jpg', 'approved', NOW()),
(55, 38, 15, 'vendor', 'Amazing moment 55!', 'test-image.jpg', 'approved', NOW()),
(56, 62, 1, 'vendor', 'Amazing moment 56!', 'test-image.jpg', 'approved', NOW()),
(57, 87, 21, 'goer', 'Amazing moment 57!', 'test-image.jpg', 'approved', NOW()),
(58, 80, 12, 'vendor', 'Amazing moment 58!', 'test-image.jpg', 'approved', NOW()),
(59, 53, 6, 'vendor', 'Amazing moment 59!', 'test-image.jpg', 'approved', NOW()),
(60, 86, 18, 'host', 'Amazing moment 60!', 'test-image.jpg', 'approved', NOW()),
(61, 37, 9, 'goer', 'Amazing moment 61!', 'test-image.jpg', 'approved', NOW()),
(62, 65, 3, 'goer', 'Amazing moment 62!', 'test-image.jpg', 'approved', NOW()),
(63, 18, 23, 'host', 'Amazing moment 63!', 'test-image.jpg', 'approved', NOW()),
(64, 15, 24, 'vendor', 'Amazing moment 64!', 'test-image.jpg', 'approved', NOW()),
(65, 89, 2, 'host', 'Amazing moment 65!', 'test-image.jpg', 'approved', NOW()),
(66, 38, 26, 'goer', 'Amazing moment 66!', 'test-image.jpg', 'approved', NOW()),
(67, 80, 21, 'vendor', 'Amazing moment 67!', 'test-image.jpg', 'approved', NOW()),
(68, 24, 10, 'vendor', 'Amazing moment 68!', 'test-image.jpg', 'approved', NOW()),
(69, 56, 10, 'goer', 'Amazing moment 69!', 'test-image.jpg', 'approved', NOW()),
(70, 78, 1, 'vendor', 'Amazing moment 70!', 'test-image.jpg', 'approved', NOW()),
(71, 80, 6, 'goer', 'Amazing moment 71!', 'test-image.jpg', 'approved', NOW()),
(72, 12, 15, 'vendor', 'Amazing moment 72!', 'test-image.jpg', 'approved', NOW()),
(73, 40, 13, 'host', 'Amazing moment 73!', 'test-image.jpg', 'approved', NOW()),
(74, 4, 7, 'vendor', 'Amazing moment 74!', 'test-image.jpg', 'approved', NOW()),
(75, 9, 25, 'host', 'Amazing moment 75!', 'test-image.jpg', 'approved', NOW()),
(76, 73, 2, 'vendor', 'Amazing moment 76!', 'test-image.jpg', 'approved', NOW()),
(77, 87, 10, 'goer', 'Amazing moment 77!', 'test-image.jpg', 'approved', NOW()),
(78, 26, 9, 'vendor', 'Amazing moment 78!', 'test-image.jpg', 'approved', NOW()),
(79, 31, 20, 'vendor', 'Amazing moment 79!', 'test-image.jpg', 'approved', NOW()),
(80, 17, 21, 'goer', 'Amazing moment 80!', 'test-image.jpg', 'approved', NOW()),
(81, 72, 16, 'vendor', 'Amazing moment 81!', 'test-image.jpg', 'approved', NOW()),
(82, 68, 22, 'goer', 'Amazing moment 82!', 'test-image.jpg', 'approved', NOW()),
(83, 15, 18, 'goer', 'Amazing moment 83!', 'test-image.jpg', 'approved', NOW()),
(84, 29, 7, 'host', 'Amazing moment 84!', 'test-image.jpg', 'approved', NOW()),
(85, 12, 4, 'goer', 'Amazing moment 85!', 'test-image.jpg', 'approved', NOW()),
(86, 17, 16, 'host', 'Amazing moment 86!', 'test-image.jpg', 'approved', NOW()),
(87, 89, 5, 'host', 'Amazing moment 87!', 'test-image.jpg', 'approved', NOW()),
(88, 38, 2, 'vendor', 'Amazing moment 88!', 'test-image.jpg', 'approved', NOW()),
(89, 19, 19, 'vendor', 'Amazing moment 89!', 'test-image.jpg', 'approved', NOW()),
(90, 66, 11, 'goer', 'Amazing moment 90!', 'test-image.jpg', 'approved', NOW()),
(91, 79, 19, 'vendor', 'Amazing moment 91!', 'test-image.jpg', 'approved', NOW()),
(92, 66, 18, 'goer', 'Amazing moment 92!', 'test-image.jpg', 'approved', NOW()),
(93, 73, 8, 'vendor', 'Amazing moment 93!', 'test-image.jpg', 'approved', NOW()),
(94, 83, 9, 'host', 'Amazing moment 94!', 'test-image.jpg', 'approved', NOW()),
(95, 86, 10, 'vendor', 'Amazing moment 95!', 'test-image.jpg', 'approved', NOW()),
(96, 58, 17, 'host', 'Amazing moment 96!', 'test-image.jpg', 'approved', NOW()),
(97, 37, 7, 'vendor', 'Amazing moment 97!', 'test-image.jpg', 'approved', NOW()),
(98, 58, 25, 'goer', 'Amazing moment 98!', 'test-image.jpg', 'approved', NOW()),
(99, 11, 7, 'goer', 'Amazing moment 99!', 'test-image.jpg', 'approved', NOW()),
(100, 73, 22, 'host', 'Amazing moment 100!', 'test-image.jpg', 'approved', NOW()),
(101, 91, 2, 'host', 'Amazing moment 101!', 'test-image.jpg', 'approved', NOW()),
(102, 14, 21, 'host', 'Amazing moment 102!', 'test-image.jpg', 'approved', NOW()),
(103, 90, 8, 'host', 'Amazing moment 103!', 'test-image.jpg', 'approved', NOW()),
(104, 88, 13, 'vendor', 'Amazing moment 104!', 'test-image.jpg', 'approved', NOW()),
(105, 18, 7, 'goer', 'Amazing moment 105!', 'test-image.jpg', 'approved', NOW()),
(106, 84, 9, 'host', 'Amazing moment 106!', 'test-image.jpg', 'approved', NOW()),
(107, 70, 1, 'vendor', 'Amazing moment 107!', 'test-image.jpg', 'approved', NOW()),
(108, 82, 16, 'goer', 'Amazing moment 108!', 'test-image.jpg', 'approved', NOW()),
(109, 68, 21, 'host', 'Amazing moment 109!', 'test-image.jpg', 'approved', NOW()),
(110, 36, 2, 'goer', 'Amazing moment 110!', 'test-image.jpg', 'approved', NOW()),
(111, 84, 5, 'vendor', 'Amazing moment 111!', 'test-image.jpg', 'approved', NOW()),
(112, 45, 24, 'goer', 'Amazing moment 112!', 'test-image.jpg', 'approved', NOW()),
(113, 75, 10, 'goer', 'Amazing moment 113!', 'test-image.jpg', 'approved', NOW()),
(114, 14, 12, 'vendor', 'Amazing moment 114!', 'test-image.jpg', 'approved', NOW()),
(115, 78, 5, 'goer', 'Amazing moment 115!', 'test-image.jpg', 'approved', NOW()),
(116, 96, 4, 'host', 'Amazing moment 116!', 'test-image.jpg', 'approved', NOW()),
(117, 12, 20, 'goer', 'Amazing moment 117!', 'test-image.jpg', 'approved', NOW()),
(118, 70, 21, 'host', 'Amazing moment 118!', 'test-image.jpg', 'approved', NOW()),
(119, 57, 17, 'goer', 'Amazing moment 119!', 'test-image.jpg', 'approved', NOW()),
(120, 44, 7, 'host', 'Amazing moment 120!', 'test-image.jpg', 'approved', NOW()),
(121, 9, 25, 'goer', 'Amazing moment 121!', 'test-image.jpg', 'approved', NOW()),
(122, 60, 9, 'goer', 'Amazing moment 122!', 'test-image.jpg', 'approved', NOW()),
(123, 31, 6, 'vendor', 'Amazing moment 123!', 'test-image.jpg', 'approved', NOW()),
(124, 42, 13, 'vendor', 'Amazing moment 124!', 'test-image.jpg', 'approved', NOW()),
(125, 94, 22, 'vendor', 'Amazing moment 125!', 'test-image.jpg', 'approved', NOW()),
(126, 34, 5, 'vendor', 'Amazing moment 126!', 'test-image.jpg', 'approved', NOW()),
(127, 85, 11, 'host', 'Amazing moment 127!', 'test-image.jpg', 'approved', NOW()),
(128, 96, 13, 'goer', 'Amazing moment 128!', 'test-image.jpg', 'approved', NOW()),
(129, 23, 1, 'vendor', 'Amazing moment 129!', 'test-image.jpg', 'approved', NOW()),
(130, 66, 25, 'goer', 'Amazing moment 130!', 'test-image.jpg', 'approved', NOW()),
(131, 50, 15, 'host', 'Amazing moment 131!', 'test-image.jpg', 'approved', NOW()),
(132, 50, 6, 'vendor', 'Amazing moment 132!', 'test-image.jpg', 'approved', NOW()),
(133, 95, 11, 'host', 'Amazing moment 133!', 'test-image.jpg', 'approved', NOW()),
(134, 75, 26, 'host', 'Amazing moment 134!', 'test-image.jpg', 'approved', NOW()),
(135, 33, 6, 'vendor', 'Amazing moment 135!', 'test-image.jpg', 'approved', NOW()),
(136, 45, 26, 'host', 'Amazing moment 136!', 'test-image.jpg', 'approved', NOW()),
(137, 18, 20, 'host', 'Amazing moment 137!', 'test-image.jpg', 'approved', NOW()),
(138, 4, 1, 'vendor', 'Amazing moment 138!', 'test-image.jpg', 'approved', NOW()),
(139, 69, 3, 'host', 'Amazing moment 139!', 'test-image.jpg', 'approved', NOW()),
(140, 61, 13, 'vendor', 'Amazing moment 140!', 'test-image.jpg', 'approved', NOW()),
(141, 61, 22, 'host', 'Amazing moment 141!', 'test-image.jpg', 'approved', NOW()),
(142, 69, 15, 'vendor', 'Amazing moment 142!', 'test-image.jpg', 'approved', NOW()),
(143, 100, 13, 'vendor', 'Amazing moment 143!', 'test-image.jpg', 'approved', NOW()),
(144, 71, 20, 'host', 'Amazing moment 144!', 'test-image.jpg', 'approved', NOW()),
(145, 46, 5, 'host', 'Amazing moment 145!', 'test-image.jpg', 'approved', NOW()),
(146, 7, 11, 'goer', 'Amazing moment 146!', 'test-image.jpg', 'approved', NOW()),
(147, 21, 25, 'goer', 'Amazing moment 147!', 'test-image.jpg', 'approved', NOW()),
(148, 25, 20, 'vendor', 'Amazing moment 148!', 'test-image.jpg', 'approved', NOW()),
(149, 92, 1, 'host', 'Amazing moment 149!', 'test-image.jpg', 'approved', NOW()),
(150, 41, 14, 'vendor', 'Amazing moment 150!', 'test-image.jpg', 'approved', NOW());

-- 11. Event Media
INSERT INTO events_eventmedia (event_id, media_type, category, file, "order", created_at) VALUES
(78, 'image', 'highlight', 'test-image.jpg', 4, NOW()),
(98, 'image', 'gallery', 'test-image.jpg', 2, NOW()),
(93, 'image', 'gallery', 'test-image.jpg', 2, NOW()),
(5, 'image', 'gallery', 'test-image.jpg', 4, NOW()),
(5, 'image', 'highlight', 'test-image.jpg', 2, NOW()),
(64, 'image', 'highlight', 'test-image.jpg', 5, NOW()),
(40, 'image', 'gallery', 'test-image.jpg', 4, NOW()),
(66, 'image', 'highlight', 'test-image.jpg', 4, NOW()),
(56, 'image', 'highlight', 'test-image.jpg', 0, NOW()),
(66, 'image', 'highlight', 'test-image.jpg', 4, NOW()),
(58, 'image', 'highlight', 'test-image.jpg', 2, NOW()),
(25, 'image', 'highlight', 'test-image.jpg', 3, NOW()),
(78, 'image', 'gallery', 'test-image.jpg', 5, NOW()),
(6, 'image', 'highlight', 'test-image.jpg', 3, NOW()),
(28, 'image', 'highlight', 'test-image.jpg', 4, NOW()),
(71, 'image', 'gallery', 'test-image.jpg', 0, NOW()),
(34, 'image', 'gallery', 'test-image.jpg', 3, NOW()),
(19, 'image', 'highlight', 'test-image.jpg', 0, NOW()),
(34, 'image', 'gallery', 'test-image.jpg', 5, NOW()),
(72, 'image', 'highlight', 'test-image.jpg', 2, NOW()),
(6, 'image', 'highlight', 'test-image.jpg', 4, NOW()),
(75, 'image', 'gallery', 'test-image.jpg', 3, NOW()),
(35, 'image', 'gallery', 'test-image.jpg', 2, NOW()),
(93, 'image', 'highlight', 'test-image.jpg', 2, NOW()),
(75, 'image', 'highlight', 'test-image.jpg', 2, NOW()),
(57, 'image', 'highlight', 'test-image.jpg', 1, NOW()),
(65, 'image', 'highlight', 'test-image.jpg', 4, NOW()),
(77, 'image', 'highlight', 'test-image.jpg', 0, NOW()),
(5, 'image', 'gallery', 'test-image.jpg', 2, NOW()),
(61, 'image', 'highlight', 'test-image.jpg', 0, NOW()),
(45, 'image', 'gallery', 'test-image.jpg', 1, NOW()),
(50, 'image', 'gallery', 'test-image.jpg', 1, NOW()),
(97, 'image', 'gallery', 'test-image.jpg', 0, NOW()),
(20, 'image', 'highlight', 'test-image.jpg', 4, NOW()),
(66, 'image', 'highlight', 'test-image.jpg', 4, NOW()),
(53, 'image', 'gallery', 'test-image.jpg', 5, NOW()),
(17, 'image', 'gallery', 'test-image.jpg', 5, NOW()),
(78, 'image', 'gallery', 'test-image.jpg', 5, NOW()),
(21, 'image', 'gallery', 'test-image.jpg', 4, NOW()),
(61, 'image', 'highlight', 'test-image.jpg', 0, NOW()),
(78, 'image', 'gallery', 'test-image.jpg', 2, NOW()),
(93, 'image', 'highlight', 'test-image.jpg', 1, NOW()),
(31, 'image', 'gallery', 'test-image.jpg', 1, NOW()),
(55, 'image', 'gallery', 'test-image.jpg', 5, NOW()),
(14, 'image', 'gallery', 'test-image.jpg', 1, NOW()),
(23, 'image', 'highlight', 'test-image.jpg', 5, NOW()),
(60, 'image', 'gallery', 'test-image.jpg', 4, NOW()),
(94, 'image', 'gallery', 'test-image.jpg', 0, NOW()),
(18, 'image', 'gallery', 'test-image.jpg', 2, NOW()),
(87, 'image', 'highlight', 'test-image.jpg', 3, NOW()),
(34, 'image', 'highlight', 'test-image.jpg', 2, NOW()),
(2, 'image', 'gallery', 'test-image.jpg', 1, NOW()),
(27, 'image', 'gallery', 'test-image.jpg', 5, NOW()),
(21, 'image', 'gallery', 'test-image.jpg', 1, NOW()),
(32, 'image', 'gallery', 'test-image.jpg', 1, NOW()),
(66, 'image', 'highlight', 'test-image.jpg', 1, NOW()),
(87, 'image', 'gallery', 'test-image.jpg', 0, NOW()),
(79, 'image', 'gallery', 'test-image.jpg', 2, NOW()),
(88, 'image', 'gallery', 'test-image.jpg', 1, NOW()),
(39, 'image', 'gallery', 'test-image.jpg', 0, NOW()),
(71, 'image', 'gallery', 'test-image.jpg', 2, NOW()),
(93, 'image', 'highlight', 'test-image.jpg', 2, NOW()),
(84, 'image', 'gallery', 'test-image.jpg', 5, NOW()),
(70, 'image', 'gallery', 'test-image.jpg', 2, NOW()),
(87, 'image', 'gallery', 'test-image.jpg', 5, NOW()),
(95, 'image', 'gallery', 'test-image.jpg', 2, NOW()),
(37, 'image', 'gallery', 'test-image.jpg', 1, NOW()),
(75, 'image', 'gallery', 'test-image.jpg', 0, NOW()),
(78, 'image', 'highlight', 'test-image.jpg', 1, NOW()),
(39, 'image', 'highlight', 'test-image.jpg', 3, NOW()),
(17, 'image', 'gallery', 'test-image.jpg', 3, NOW()),
(48, 'image', 'gallery', 'test-image.jpg', 4, NOW()),
(88, 'image', 'highlight', 'test-image.jpg', 0, NOW()),
(26, 'image', 'gallery', 'test-image.jpg', 0, NOW()),
(13, 'image', 'gallery', 'test-image.jpg', 4, NOW()),
(9, 'image', 'gallery', 'test-image.jpg', 0, NOW()),
(91, 'image', 'gallery', 'test-image.jpg', 4, NOW()),
(60, 'image', 'highlight', 'test-image.jpg', 0, NOW()),
(33, 'image', 'highlight', 'test-image.jpg', 5, NOW()),
(71, 'image', 'gallery', 'test-image.jpg', 0, NOW()),
(64, 'image', 'highlight', 'test-image.jpg', 3, NOW()),
(78, 'image', 'highlight', 'test-image.jpg', 0, NOW()),
(63, 'image', 'highlight', 'test-image.jpg', 3, NOW()),
(79, 'image', 'gallery', 'test-image.jpg', 4, NOW()),
(1, 'image', 'highlight', 'test-image.jpg', 4, NOW()),
(57, 'image', 'gallery', 'test-image.jpg', 0, NOW()),
(1, 'image', 'highlight', 'test-image.jpg', 5, NOW()),
(88, 'image', 'gallery', 'test-image.jpg', 1, NOW()),
(64, 'image', 'highlight', 'test-image.jpg', 2, NOW()),
(6, 'image', 'highlight', 'test-image.jpg', 2, NOW()),
(20, 'image', 'gallery', 'test-image.jpg', 0, NOW()),
(26, 'image', 'highlight', 'test-image.jpg', 3, NOW()),
(74, 'image', 'gallery', 'test-image.jpg', 3, NOW()),
(17, 'image', 'gallery', 'test-image.jpg', 1, NOW()),
(85, 'image', 'gallery', 'test-image.jpg', 0, NOW()),
(71, 'image', 'highlight', 'test-image.jpg', 0, NOW()),
(51, 'image', 'gallery', 'test-image.jpg', 2, NOW()),
(55, 'image', 'gallery', 'test-image.jpg', 2, NOW()),
(51, 'image', 'gallery', 'test-image.jpg', 2, NOW()),
(76, 'image', 'gallery', 'test-image.jpg', 2, NOW()),
(56, 'image', 'highlight', 'test-image.jpg', 1, NOW()),
(57, 'image', 'highlight', 'test-image.jpg', 3, NOW()),
(6, 'image', 'gallery', 'test-image.jpg', 3, NOW()),
(51, 'image', 'gallery', 'test-image.jpg', 4, NOW()),
(80, 'image', 'gallery', 'test-image.jpg', 5, NOW()),
(77, 'image', 'highlight', 'test-image.jpg', 2, NOW()),
(91, 'image', 'highlight', 'test-image.jpg', 1, NOW()),
(56, 'image', 'gallery', 'test-image.jpg', 3, NOW()),
(6, 'image', 'highlight', 'test-image.jpg', 3, NOW()),
(55, 'image', 'highlight', 'test-image.jpg', 2, NOW()),
(29, 'image', 'gallery', 'test-image.jpg', 0, NOW()),
(91, 'image', 'highlight', 'test-image.jpg', 1, NOW()),
(53, 'image', 'gallery', 'test-image.jpg', 5, NOW()),
(61, 'image', 'highlight', 'test-image.jpg', 1, NOW()),
(90, 'image', 'gallery', 'test-image.jpg', 1, NOW()),
(16, 'image', 'highlight', 'test-image.jpg', 0, NOW()),
(94, 'image', 'highlight', 'test-image.jpg', 2, NOW()),
(27, 'image', 'highlight', 'test-image.jpg', 2, NOW()),
(67, 'image', 'highlight', 'test-image.jpg', 1, NOW()),
(42, 'image', 'gallery', 'test-image.jpg', 0, NOW()),
(8, 'image', 'highlight', 'test-image.jpg', 3, NOW()),
(91, 'image', 'highlight', 'test-image.jpg', 4, NOW()),
(24, 'image', 'gallery', 'test-image.jpg', 5, NOW()),
(81, 'image', 'highlight', 'test-image.jpg', 1, NOW()),
(53, 'image', 'gallery', 'test-image.jpg', 4, NOW()),
(51, 'image', 'highlight', 'test-image.jpg', 5, NOW()),
(65, 'image', 'gallery', 'test-image.jpg', 0, NOW()),
(4, 'image', 'gallery', 'test-image.jpg', 0, NOW()),
(86, 'image', 'gallery', 'test-image.jpg', 5, NOW()),
(38, 'image', 'gallery', 'test-image.jpg', 4, NOW()),
(92, 'image', 'gallery', 'test-image.jpg', 5, NOW()),
(17, 'image', 'gallery', 'test-image.jpg', 4, NOW()),
(2, 'image', 'highlight', 'test-image.jpg', 2, NOW()),
(41, 'image', 'gallery', 'test-image.jpg', 5, NOW()),
(54, 'image', 'gallery', 'test-image.jpg', 0, NOW()),
(91, 'image', 'gallery', 'test-image.jpg', 2, NOW()),
(18, 'image', 'highlight', 'test-image.jpg', 4, NOW()),
(24, 'image', 'gallery', 'test-image.jpg', 3, NOW()),
(72, 'image', 'highlight', 'test-image.jpg', 2, NOW()),
(6, 'image', 'gallery', 'test-image.jpg', 1, NOW()),
(49, 'image', 'gallery', 'test-image.jpg', 3, NOW()),
(20, 'image', 'gallery', 'test-image.jpg', 2, NOW()),
(61, 'image', 'gallery', 'test-image.jpg', 5, NOW()),
(48, 'image', 'highlight', 'test-image.jpg', 4, NOW()),
(57, 'image', 'highlight', 'test-image.jpg', 3, NOW()),
(3, 'image', 'highlight', 'test-image.jpg', 4, NOW()),
(65, 'image', 'highlight', 'test-image.jpg', 3, NOW()),
(46, 'image', 'highlight', 'test-image.jpg', 1, NOW()),
(13, 'image', 'highlight', 'test-image.jpg', 0, NOW()),
(46, 'image', 'gallery', 'test-image.jpg', 1, NOW()),
(22, 'image', 'gallery', 'test-image.jpg', 2, NOW()),
(70, 'image', 'highlight', 'test-image.jpg', 3, NOW()),
(68, 'image', 'highlight', 'test-image.jpg', 0, NOW()),
(29, 'image', 'highlight', 'test-image.jpg', 4, NOW()),
(73, 'image', 'highlight', 'test-image.jpg', 1, NOW()),
(65, 'image', 'highlight', 'test-image.jpg', 0, NOW()),
(3, 'image', 'highlight', 'test-image.jpg', 3, NOW()),
(53, 'image', 'highlight', 'test-image.jpg', 4, NOW()),
(76, 'image', 'highlight', 'test-image.jpg', 4, NOW()),
(53, 'image', 'highlight', 'test-image.jpg', 1, NOW()),
(27, 'image', 'gallery', 'test-image.jpg', 4, NOW()),
(96, 'image', 'highlight', 'test-image.jpg', 1, NOW()),
(83, 'image', 'highlight', 'test-image.jpg', 2, NOW()),
(45, 'image', 'gallery', 'test-image.jpg', 2, NOW()),
(45, 'image', 'gallery', 'test-image.jpg', 4, NOW()),
(11, 'image', 'highlight', 'test-image.jpg', 1, NOW()),
(20, 'image', 'gallery', 'test-image.jpg', 2, NOW()),
(86, 'image', 'gallery', 'test-image.jpg', 0, NOW()),
(79, 'image', 'gallery', 'test-image.jpg', 3, NOW()),
(47, 'image', 'highlight', 'test-image.jpg', 0, NOW()),
(88, 'image', 'gallery', 'test-image.jpg', 3, NOW()),
(59, 'image', 'highlight', 'test-image.jpg', 5, NOW()),
(74, 'image', 'gallery', 'test-image.jpg', 3, NOW()),
(51, 'image', 'gallery', 'test-image.jpg', 2, NOW()),
(54, 'image', 'highlight', 'test-image.jpg', 1, NOW()),
(99, 'image', 'highlight', 'test-image.jpg', 4, NOW()),
(10, 'image', 'highlight', 'test-image.jpg', 3, NOW()),
(90, 'image', 'gallery', 'test-image.jpg', 4, NOW()),
(67, 'image', 'highlight', 'test-image.jpg', 1, NOW()),
(26, 'image', 'highlight', 'test-image.jpg', 2, NOW()),
(73, 'image', 'highlight', 'test-image.jpg', 5, NOW()),
(91, 'image', 'gallery', 'test-image.jpg', 3, NOW()),
(12, 'image', 'gallery', 'test-image.jpg', 2, NOW()),
(25, 'image', 'highlight', 'test-image.jpg', 1, NOW()),
(57, 'image', 'gallery', 'test-image.jpg', 5, NOW()),
(51, 'image', 'gallery', 'test-image.jpg', 1, NOW()),
(45, 'image', 'gallery', 'test-image.jpg', 0, NOW()),
(74, 'image', 'highlight', 'test-image.jpg', 0, NOW()),
(57, 'image', 'gallery', 'test-image.jpg', 3, NOW()),
(95, 'image', 'gallery', 'test-image.jpg', 0, NOW()),
(29, 'image', 'highlight', 'test-image.jpg', 3, NOW()),
(19, 'image', 'gallery', 'test-image.jpg', 1, NOW()),
(12, 'image', 'highlight', 'test-image.jpg', 1, NOW()),
(84, 'image', 'gallery', 'test-image.jpg', 0, NOW()),
(4, 'image', 'gallery', 'test-image.jpg', 0, NOW()),
(32, 'image', 'highlight', 'test-image.jpg', 1, NOW()),
(17, 'image', 'highlight', 'test-image.jpg', 1, NOW()),
(40, 'image', 'gallery', 'test-image.jpg', 4, NOW()),
(52, 'image', 'highlight', 'test-image.jpg', 3, NOW()),
(94, 'image', 'gallery', 'test-image.jpg', 2, NOW());

-- 12. Reviews
INSERT INTO events_eventreview (id, event_id, reviewer_id, rating, text, is_public, created_at) VALUES
(1, 77, 2, 3, 'Great event 1', true, NOW()),
(2, 86, 16, 5, 'Great event 2', true, NOW()),
(3, 84, 19, 5, 'Great event 3', true, NOW()),
(4, 45, 8, 4, 'Great event 4', true, NOW()),
(5, 78, 19, 5, 'Great event 5', true, NOW()),
(6, 74, 3, 4, 'Great event 6', true, NOW()),
(7, 96, 23, 5, 'Great event 7', true, NOW()),
(8, 67, 25, 4, 'Great event 8', true, NOW()),
(9, 81, 16, 4, 'Great event 9', true, NOW()),
(10, 56, 23, 5, 'Great event 10', true, NOW()),
(11, 38, 16, 5, 'Great event 11', true, NOW()),
(12, 40, 8, 3, 'Great event 12', true, NOW()),
(13, 5, 22, 5, 'Great event 13', true, NOW()),
(14, 8, 5, 5, 'Great event 14', true, NOW()),
(15, 66, 4, 5, 'Great event 15', true, NOW()),
(16, 45, 18, 3, 'Great event 16', true, NOW()),
(17, 73, 17, 3, 'Great event 17', true, NOW()),
(18, 7, 1, 5, 'Great event 18', true, NOW()),
(19, 37, 18, 5, 'Great event 19', true, NOW()),
(20, 2, 11, 4, 'Great event 20', true, NOW()),
(21, 58, 4, 5, 'Great event 21', true, NOW()),
(22, 43, 23, 3, 'Great event 22', true, NOW()),
(23, 51, 4, 5, 'Great event 23', true, NOW()),
(24, 100, 21, 5, 'Great event 24', true, NOW()),
(25, 53, 21, 5, 'Great event 25', true, NOW()),
(26, 41, 7, 5, 'Great event 26', true, NOW()),
(27, 87, 8, 5, 'Great event 27', true, NOW()),
(28, 24, 9, 5, 'Great event 28', true, NOW()),
(29, 86, 17, 3, 'Great event 29', true, NOW()),
(30, 23, 20, 5, 'Great event 30', true, NOW()),
(31, 31, 3, 5, 'Great event 31', true, NOW()),
(32, 97, 19, 5, 'Great event 32', true, NOW()),
(33, 52, 3, 5, 'Great event 33', true, NOW()),
(34, 82, 20, 5, 'Great event 34', true, NOW()),
(35, 53, 15, 5, 'Great event 35', true, NOW()),
(36, 63, 5, 5, 'Great event 36', true, NOW()),
(37, 46, 9, 5, 'Great event 37', true, NOW()),
(38, 9, 2, 4, 'Great event 38', true, NOW()),
(39, 97, 13, 4, 'Great event 39', true, NOW()),
(40, 25, 6, 5, 'Great event 40', true, NOW()),
(41, 80, 17, 3, 'Great event 41', true, NOW()),
(42, 15, 4, 5, 'Great event 42', true, NOW()),
(43, 44, 11, 3, 'Great event 43', true, NOW()),
(44, 24, 21, 3, 'Great event 44', true, NOW()),
(45, 66, 21, 3, 'Great event 45', true, NOW()),
(46, 38, 5, 5, 'Great event 46', true, NOW()),
(47, 90, 19, 5, 'Great event 47', true, NOW()),
(48, 35, 10, 5, 'Great event 48', true, NOW()),
(49, 45, 25, 5, 'Great event 49', true, NOW()),
(50, 48, 18, 5, 'Great event 50', true, NOW()),
(51, 9, 22, 3, 'Great event 51', true, NOW()),
(52, 27, 17, 5, 'Great event 52', true, NOW()),
(53, 48, 3, 5, 'Great event 53', true, NOW()),
(54, 80, 20, 5, 'Great event 54', true, NOW()),
(55, 17, 5, 5, 'Great event 55', true, NOW()),
(56, 43, 11, 3, 'Great event 56', true, NOW()),
(57, 9, 6, 3, 'Great event 57', true, NOW()),
(58, 93, 2, 5, 'Great event 58', true, NOW()),
(59, 15, 2, 5, 'Great event 59', true, NOW()),
(60, 42, 19, 4, 'Great event 60', true, NOW()),
(61, 89, 12, 5, 'Great event 61', true, NOW()),
(62, 38, 17, 5, 'Great event 62', true, NOW()),
(63, 5, 2, 5, 'Great event 63', true, NOW()),
(64, 7, 26, 5, 'Great event 64', true, NOW()),
(65, 8, 22, 5, 'Great event 65', true, NOW()),
(66, 56, 19, 5, 'Great event 66', true, NOW()),
(67, 76, 22, 4, 'Great event 67', true, NOW()),
(68, 70, 22, 3, 'Great event 68', true, NOW()),
(69, 90, 18, 5, 'Great event 69', true, NOW()),
(70, 53, 22, 4, 'Great event 70', true, NOW()),
(71, 95, 15, 5, 'Great event 71', true, NOW()),
(72, 14, 9, 5, 'Great event 72', true, NOW()),
(73, 50, 25, 5, 'Great event 73', true, NOW()),
(74, 39, 18, 3, 'Great event 74', true, NOW()),
(75, 43, 18, 5, 'Great event 75', true, NOW()),
(76, 24, 8, 3, 'Great event 76', true, NOW()),
(77, 44, 16, 5, 'Great event 77', true, NOW()),
(78, 20, 23, 5, 'Great event 78', true, NOW()),
(79, 43, 25, 4, 'Great event 79', true, NOW()),
(80, 63, 12, 3, 'Great event 80', true, NOW()),
(81, 8, 26, 5, 'Great event 81', true, NOW()),
(82, 96, 3, 4, 'Great event 82', true, NOW()),
(83, 95, 18, 4, 'Great event 83', true, NOW()),
(84, 10, 23, 5, 'Great event 84', true, NOW()),
(85, 25, 22, 5, 'Great event 85', true, NOW()),
(86, 53, 24, 5, 'Great event 86', true, NOW()),
(87, 18, 10, 5, 'Great event 87', true, NOW()),
(88, 52, 9, 3, 'Great event 88', true, NOW()),
(89, 42, 2, 3, 'Great event 89', true, NOW()),
(90, 5, 10, 5, 'Great event 90', true, NOW()),
(91, 27, 19, 3, 'Great event 91', true, NOW()),
(92, 40, 12, 5, 'Great event 92', true, NOW()),
(93, 97, 14, 5, 'Great event 93', true, NOW()),
(94, 95, 3, 5, 'Great event 94', true, NOW()),
(95, 40, 13, 5, 'Great event 95', true, NOW()),
(96, 10, 9, 4, 'Great event 96', true, NOW()),
(97, 6, 22, 5, 'Great event 97', true, NOW()),
(98, 79, 20, 5, 'Great event 98', true, NOW()),
(99, 89, 24, 5, 'Great event 99', true, NOW()),
(100, 4, 21, 5, 'Great event 100', true, NOW()),
(101, 12, 6, 5, 'Great event 101', true, NOW()),
(102, 80, 11, 5, 'Great event 102', true, NOW()),
(103, 75, 20, 3, 'Great event 103', true, NOW()),
(104, 64, 14, 4, 'Great event 104', true, NOW()),
(105, 96, 12, 5, 'Great event 105', true, NOW()),
(106, 94, 1, 5, 'Great event 106', true, NOW()),
(107, 82, 24, 5, 'Great event 107', true, NOW()),
(108, 59, 13, 5, 'Great event 108', true, NOW()),
(109, 57, 17, 3, 'Great event 109', true, NOW()),
(110, 62, 11, 5, 'Great event 110', true, NOW()),
(111, 48, 21, 5, 'Great event 111', true, NOW()),
(112, 27, 10, 5, 'Great event 112', true, NOW()),
(113, 90, 20, 5, 'Great event 113', true, NOW()),
(114, 10, 1, 5, 'Great event 114', true, NOW()),
(115, 5, 16, 5, 'Great event 115', true, NOW()),
(116, 53, 9, 5, 'Great event 116', true, NOW()),
(117, 36, 8, 3, 'Great event 117', true, NOW()),
(118, 87, 6, 5, 'Great event 118', true, NOW()),
(119, 100, 2, 5, 'Great event 119', true, NOW()),
(120, 90, 11, 3, 'Great event 120', true, NOW()),
(121, 37, 22, 4, 'Great event 121', true, NOW()),
(122, 100, 6, 5, 'Great event 122', true, NOW()),
(123, 24, 26, 4, 'Great event 123', true, NOW()),
(124, 73, 22, 5, 'Great event 124', true, NOW()),
(125, 43, 4, 5, 'Great event 125', true, NOW()),
(126, 77, 9, 5, 'Great event 126', true, NOW()),
(127, 6, 6, 5, 'Great event 127', true, NOW()),
(128, 62, 24, 5, 'Great event 128', true, NOW()),
(129, 36, 9, 5, 'Great event 129', true, NOW()),
(130, 72, 26, 5, 'Great event 130', true, NOW()),
(131, 42, 13, 4, 'Great event 131', true, NOW()),
(132, 13, 15, 4, 'Great event 132', true, NOW()),
(133, 76, 8, 5, 'Great event 133', true, NOW()),
(134, 43, 16, 5, 'Great event 134', true, NOW()),
(135, 75, 8, 5, 'Great event 135', true, NOW()),
(136, 51, 19, 4, 'Great event 136', true, NOW()),
(137, 11, 2, 5, 'Great event 137', true, NOW()),
(138, 71, 9, 4, 'Great event 138', true, NOW()),
(139, 99, 24, 5, 'Great event 139', true, NOW()),
(140, 27, 21, 5, 'Great event 140', true, NOW()),
(141, 84, 6, 3, 'Great event 141', true, NOW()),
(142, 42, 4, 5, 'Great event 142', true, NOW()),
(143, 39, 14, 5, 'Great event 143', true, NOW()),
(144, 99, 20, 5, 'Great event 144', true, NOW()),
(145, 80, 14, 4, 'Great event 145', true, NOW()),
(146, 75, 19, 5, 'Great event 146', true, NOW()),
(147, 13, 4, 5, 'Great event 147', true, NOW()),
(148, 33, 22, 5, 'Great event 148', true, NOW()),
(149, 30, 14, 3, 'Great event 149', true, NOW()),
(150, 89, 3, 3, 'Great event 150', true, NOW());

INSERT INTO events_eventreviewmedia (review_id, file, created_at) VALUES
(6, 'test-image.jpg', NOW()),
(10, 'test-image.jpg', NOW()),
(11, 'test-image.jpg', NOW()),
(14, 'test-image.jpg', NOW()),
(15, 'test-image.jpg', NOW()),
(17, 'test-image.jpg', NOW()),
(20, 'test-image.jpg', NOW()),
(21, 'test-image.jpg', NOW()),
(29, 'test-image.jpg', NOW()),
(31, 'test-image.jpg', NOW()),
(33, 'test-image.jpg', NOW()),
(34, 'test-image.jpg', NOW()),
(36, 'test-image.jpg', NOW()),
(37, 'test-image.jpg', NOW()),
(40, 'test-image.jpg', NOW()),
(42, 'test-image.jpg', NOW()),
(46, 'test-image.jpg', NOW()),
(48, 'test-image.jpg', NOW()),
(49, 'test-image.jpg', NOW()),
(50, 'test-image.jpg', NOW()),
(56, 'test-image.jpg', NOW()),
(63, 'test-image.jpg', NOW()),
(71, 'test-image.jpg', NOW()),
(77, 'test-image.jpg', NOW()),
(79, 'test-image.jpg', NOW()),
(84, 'test-image.jpg', NOW()),
(87, 'test-image.jpg', NOW()),
(93, 'test-image.jpg', NOW()),
(98, 'test-image.jpg', NOW()),
(100, 'test-image.jpg', NOW()),
(102, 'test-image.jpg', NOW()),
(104, 'test-image.jpg', NOW()),
(105, 'test-image.jpg', NOW()),
(109, 'test-image.jpg', NOW()),
(110, 'test-image.jpg', NOW()),
(112, 'test-image.jpg', NOW()),
(113, 'test-image.jpg', NOW()),
(116, 'test-image.jpg', NOW()),
(119, 'test-image.jpg', NOW()),
(123, 'test-image.jpg', NOW()),
(134, 'test-image.jpg', NOW()),
(143, 'test-image.jpg', NOW());

INSERT INTO events_eventvendorreview (event_review_id, vendor_id, rating, text, created_at) VALUES
(6, 8, 4, 'Good vendor 6', NOW()),
(8, 7, 4, 'Good vendor 8', NOW()),
(9, 2, 4, 'Good vendor 9', NOW()),
(18, 10, 5, 'Good vendor 18', NOW()),
(31, 9, 5, 'Good vendor 31', NOW()),
(34, 2, 5, 'Good vendor 34', NOW()),
(39, 1, 4, 'Good vendor 39', NOW()),
(40, 7, 5, 'Good vendor 40', NOW()),
(47, 9, 5, 'Good vendor 47', NOW()),
(56, 9, 3, 'Good vendor 56', NOW()),
(60, 4, 4, 'Good vendor 60', NOW()),
(66, 9, 5, 'Good vendor 66', NOW()),
(67, 10, 4, 'Good vendor 67', NOW()),
(68, 2, 3, 'Good vendor 68', NOW()),
(78, 1, 5, 'Good vendor 78', NOW()),
(84, 8, 5, 'Good vendor 84', NOW()),
(85, 1, 5, 'Good vendor 85', NOW()),
(88, 8, 3, 'Good vendor 88', NOW()),
(101, 4, 5, 'Good vendor 101', NOW()),
(110, 8, 5, 'Good vendor 110', NOW()),
(112, 1, 5, 'Good vendor 112', NOW()),
(113, 3, 5, 'Good vendor 113', NOW()),
(115, 8, 5, 'Good vendor 115', NOW()),
(119, 9, 5, 'Good vendor 119', NOW()),
(121, 1, 4, 'Good vendor 121', NOW()),
(132, 5, 4, 'Good vendor 132', NOW()),
(135, 5, 5, 'Good vendor 135', NOW()),
(136, 4, 4, 'Good vendor 136', NOW()),
(150, 8, 3, 'Good vendor 150', NOW());

INSERT INTO vendors_vendorreview (vendor_service_id, reviewer_id, event_id, rating, text, is_public, created_at) VALUES
(10, 18, NULL, 5, 'Great service!', true, NOW()),
(4, 8, NULL, 5, 'Great service!', true, NOW()),
(5, 24, NULL, 5, 'Great service!', true, NOW()),
(5, 12, NULL, 5, 'Great service!', true, NOW()),
(1, 20, NULL, 5, 'Great service!', true, NOW()),
(10, 22, NULL, 5, 'Great service!', true, NOW()),
(10, 7, NULL, 5, 'Great service!', true, NOW()),
(10, 24, NULL, 5, 'Great service!', true, NOW()),
(7, 4, NULL, 5, 'Great service!', true, NOW()),
(7, 17, NULL, 5, 'Great service!', true, NOW()),
(2, 16, NULL, 5, 'Great service!', true, NOW()),
(2, 8, NULL, 5, 'Great service!', true, NOW()),
(1, 3, NULL, 5, 'Great service!', true, NOW()),
(4, 11, NULL, 5, 'Great service!', true, NOW()),
(5, 1, NULL, 5, 'Great service!', true, NOW()),
(10, 15, NULL, 5, 'Great service!', true, NOW()),
(2, 17, NULL, 5, 'Great service!', true, NOW()),
(8, 3, NULL, 5, 'Great service!', true, NOW()),
(7, 2, NULL, 5, 'Great service!', true, NOW()),
(6, 9, NULL, 5, 'Great service!', true, NOW()),
(8, 12, NULL, 5, 'Great service!', true, NOW()),
(4, 7, NULL, 5, 'Great service!', true, NOW()),
(7, 7, NULL, 5, 'Great service!', true, NOW()),
(9, 7, NULL, 5, 'Great service!', true, NOW()),
(1, 15, NULL, 5, 'Great service!', true, NOW()),
(7, 11, NULL, 5, 'Great service!', true, NOW()),
(10, 21, NULL, 5, 'Great service!', true, NOW()),
(3, 21, NULL, 5, 'Great service!', true, NOW()),
(7, 3, NULL, 5, 'Great service!', true, NOW()),
(5, 17, NULL, 5, 'Great service!', true, NOW()),
(9, 16, NULL, 5, 'Great service!', true, NOW()),
(6, 26, NULL, 5, 'Great service!', true, NOW()),
(9, 4, NULL, 5, 'Great service!', true, NOW()),
(5, 9, NULL, 5, 'Great service!', true, NOW()),
(10, 6, NULL, 5, 'Great service!', true, NOW()),
(6, 1, NULL, 5, 'Great service!', true, NOW()),
(4, 5, NULL, 5, 'Great service!', true, NOW()),
(2, 13, NULL, 5, 'Great service!', true, NOW()),
(6, 25, NULL, 5, 'Great service!', true, NOW()),
(3, 18, NULL, 5, 'Great service!', true, NOW()),
(6, 24, NULL, 5, 'Great service!', true, NOW()),
(9, 3, NULL, 5, 'Great service!', true, NOW()),
(3, 24, NULL, 5, 'Great service!', true, NOW()),
(10, 16, NULL, 5, 'Great service!', true, NOW()),
(1, 1, NULL, 5, 'Great service!', true, NOW()),
(6, 7, NULL, 5, 'Great service!', true, NOW()),
(7, 9, NULL, 5, 'Great service!', true, NOW()),
(6, 2, NULL, 5, 'Great service!', true, NOW()),
(1, 14, NULL, 5, 'Great service!', true, NOW()),
(8, 22, NULL, 5, 'Great service!', true, NOW());

-- 13. Requests
INSERT INTO requests_eventrequest (id, requester_id, title, description, category_id, location_city, upvote_count, fulfilled_event_id, status, created_at) VALUES
(1, 9, 'Request 1', 'Need 1', 5, 'Houston', 0, NULL, 'open', NOW()),
(2, 19, 'Request 2', 'Need 2', 12, 'Houston', 4, NULL, 'open', NOW()),
(3, 10, 'Request 3', 'Need 3', 3, 'Los Angeles', 5, NULL, 'open', NOW()),
(4, 20, 'Request 4', 'Need 4', 7, 'London', 1, NULL, 'open', NOW()),
(5, 15, 'Request 5', 'Need 5', 6, 'Los Angeles', 9, NULL, 'open', NOW()),
(6, 2, 'Request 6', 'Need 6', 1, 'Toronto', 7, NULL, 'open', NOW()),
(7, 11, 'Request 7', 'Need 7', 8, 'New York', 9, NULL, 'open', NOW()),
(8, 7, 'Request 8', 'Need 8', 9, 'Miami', 4, NULL, 'open', NOW()),
(9, 22, 'Request 9', 'Need 9', 7, 'Los Angeles', 8, NULL, 'open', NOW()),
(10, 4, 'Request 10', 'Need 10', 7, 'Chicago', 5, NULL, 'open', NOW()),
(11, 17, 'Request 11', 'Need 11', 8, 'Chicago', 4, NULL, 'open', NOW()),
(12, 11, 'Request 12', 'Need 12', 6, 'Toronto', 0, NULL, 'open', NOW()),
(13, 19, 'Request 13', 'Need 13', 1, 'Houston', 9, NULL, 'open', NOW()),
(14, 16, 'Request 14', 'Need 14', 2, 'Miami', 5, NULL, 'open', NOW()),
(15, 25, 'Request 15', 'Need 15', 7, 'New York', 0, NULL, 'open', NOW()),
(16, 6, 'Request 16', 'Need 16', 6, 'London', 6, NULL, 'open', NOW()),
(17, 20, 'Request 17', 'Need 17', 6, 'Houston', 5, NULL, 'open', NOW()),
(18, 3, 'Request 18', 'Need 18', 2, 'Los Angeles', 1, NULL, 'open', NOW()),
(19, 3, 'Request 19', 'Need 19', 12, 'New York', 9, NULL, 'open', NOW()),
(20, 19, 'Request 20', 'Need 20', 5, 'Los Angeles', 10, NULL, 'open', NOW()),
(21, 12, 'Request 21', 'Need 21', 3, 'London', 4, NULL, 'open', NOW()),
(22, 7, 'Request 22', 'Need 22', 12, 'London', 5, NULL, 'open', NOW()),
(23, 21, 'Request 23', 'Need 23', 3, 'Chicago', 5, NULL, 'open', NOW()),
(24, 6, 'Request 24', 'Need 24', 3, 'Miami', 9, NULL, 'open', NOW()),
(25, 1, 'Request 25', 'Need 25', 7, 'Toronto', 5, NULL, 'open', NOW()),
(26, 20, 'Request 26', 'Need 26', 8, 'Toronto', 5, NULL, 'open', NOW()),
(27, 8, 'Request 27', 'Need 27', 11, 'Miami', 8, NULL, 'open', NOW()),
(28, 6, 'Request 28', 'Need 28', 4, 'Houston', 5, NULL, 'open', NOW()),
(29, 7, 'Request 29', 'Need 29', 5, 'Chicago', 10, NULL, 'open', NOW()),
(30, 26, 'Request 30', 'Need 30', 9, 'Los Angeles', 1, NULL, 'open', NOW());

INSERT INTO requests_requestupvote (request_id, user_id, created_at) VALUES
(2, 16, NOW()),
(2, 8, NOW()),
(2, 13, NOW()),
(2, 3, NOW()),
(3, 3, NOW()),
(3, 11, NOW()),
(3, 26, NOW()),
(3, 8, NOW()),
(3, 22, NOW()),
(4, 21, NOW()),
(5, 20, NOW()),
(5, 6, NOW()),
(5, 12, NOW()),
(5, 1, NOW()),
(5, 5, NOW()),
(5, 7, NOW()),
(5, 19, NOW()),
(5, 16, NOW()),
(5, 9, NOW()),
(6, 14, NOW()),
(6, 26, NOW()),
(6, 24, NOW()),
(6, 20, NOW()),
(6, 23, NOW()),
(6, 3, NOW()),
(6, 4, NOW()),
(7, 9, NOW()),
(7, 7, NOW()),
(7, 8, NOW()),
(7, 5, NOW()),
(7, 6, NOW()),
(7, 10, NOW()),
(7, 15, NOW()),
(7, 24, NOW()),
(7, 2, NOW()),
(8, 19, NOW()),
(8, 21, NOW()),
(8, 26, NOW()),
(8, 25, NOW()),
(9, 15, NOW()),
(9, 10, NOW()),
(9, 7, NOW()),
(9, 2, NOW()),
(9, 9, NOW()),
(9, 8, NOW()),
(9, 25, NOW()),
(9, 22, NOW()),
(10, 5, NOW()),
(10, 15, NOW()),
(10, 13, NOW()),
(10, 8, NOW()),
(10, 4, NOW()),
(11, 25, NOW()),
(11, 17, NOW()),
(11, 15, NOW()),
(11, 18, NOW()),
(13, 9, NOW()),
(13, 5, NOW()),
(13, 25, NOW()),
(13, 20, NOW()),
(13, 10, NOW()),
(13, 26, NOW()),
(13, 17, NOW()),
(13, 19, NOW()),
(13, 24, NOW()),
(14, 9, NOW()),
(14, 14, NOW()),
(14, 7, NOW()),
(14, 20, NOW()),
(14, 22, NOW()),
(16, 17, NOW()),
(16, 12, NOW()),
(16, 16, NOW()),
(16, 20, NOW()),
(16, 15, NOW()),
(16, 10, NOW()),
(17, 7, NOW()),
(17, 6, NOW()),
(17, 15, NOW()),
(17, 22, NOW()),
(17, 11, NOW()),
(18, 3, NOW()),
(19, 1, NOW()),
(19, 6, NOW()),
(19, 24, NOW()),
(19, 12, NOW()),
(19, 16, NOW()),
(19, 11, NOW()),
(19, 25, NOW()),
(19, 19, NOW()),
(19, 15, NOW()),
(20, 21, NOW()),
(20, 19, NOW()),
(20, 13, NOW()),
(20, 2, NOW()),
(20, 26, NOW()),
(20, 16, NOW()),
(20, 6, NOW()),
(20, 18, NOW()),
(20, 10, NOW()),
(20, 20, NOW()),
(21, 13, NOW()),
(21, 7, NOW()),
(21, 3, NOW()),
(21, 24, NOW()),
(22, 6, NOW()),
(22, 13, NOW()),
(22, 1, NOW()),
(22, 4, NOW()),
(22, 18, NOW()),
(23, 23, NOW()),
(23, 9, NOW()),
(23, 25, NOW()),
(23, 24, NOW()),
(23, 2, NOW()),
(24, 11, NOW()),
(24, 19, NOW()),
(24, 7, NOW()),
(24, 24, NOW()),
(24, 15, NOW()),
(24, 9, NOW()),
(24, 25, NOW()),
(24, 23, NOW()),
(24, 3, NOW()),
(25, 24, NOW()),
(25, 23, NOW()),
(25, 22, NOW()),
(25, 15, NOW()),
(25, 7, NOW()),
(26, 14, NOW()),
(26, 1, NOW()),
(26, 19, NOW()),
(26, 5, NOW()),
(26, 4, NOW()),
(27, 6, NOW()),
(27, 20, NOW()),
(27, 2, NOW()),
(27, 23, NOW()),
(27, 19, NOW()),
(27, 16, NOW()),
(27, 11, NOW()),
(27, 3, NOW()),
(28, 3, NOW()),
(28, 5, NOW()),
(28, 9, NOW()),
(28, 4, NOW()),
(28, 11, NOW()),
(29, 13, NOW()),
(29, 16, NOW()),
(29, 8, NOW()),
(29, 1, NOW()),
(29, 10, NOW()),
(29, 15, NOW()),
(29, 2, NOW()),
(29, 20, NOW()),
(29, 22, NOW()),
(29, 9, NOW()),
(30, 13, NOW());

INSERT INTO requests_requestwishlist (request_id, user_id, wishlist_as, created_at) VALUES
(1, 6, 'vendor', NOW()),
(2, 7, 'vendor', NOW()),
(3, 10, 'vendor', NOW()),
(4, 7, 'vendor', NOW()),
(5, 10, 'vendor', NOW()),
(8, 14, 'vendor', NOW()),
(10, 9, 'vendor', NOW()),
(11, 11, 'vendor', NOW()),
(12, 9, 'vendor', NOW()),
(14, 9, 'vendor', NOW()),
(16, 14, 'vendor', NOW()),
(20, 12, 'vendor', NOW()),
(21, 7, 'vendor', NOW()),
(22, 7, 'vendor', NOW()),
(23, 13, 'vendor', NOW()),
(24, 13, 'vendor', NOW()),
(27, 11, 'vendor', NOW()),
(29, 13, 'vendor', NOW()),
(30, 8, 'vendor', NOW());

-- 12. Reset Sequences for tables with explicitly inserted IDs
SELECT setval(pg_get_serial_sequence('events_eventcategory', 'id'), COALESCE('12', MAX(id))) FROM events_eventcategory;
SELECT setval(pg_get_serial_sequence('auth_user', 'id'), COALESCE(MAX(id), 1)) FROM auth_user;
SELECT setval(pg_get_serial_sequence('profiles_userprofile', 'user_id'), COALESCE(MAX(user_id), 1)) FROM profiles_userprofile;
SELECT setval(pg_get_serial_sequence('vendors_vendorservice', 'id'), COALESCE(MAX(id), 1)) FROM vendors_vendorservice;
SELECT setval(pg_get_serial_sequence('events_eventseries', 'id'), COALESCE(MAX(id), 1)) FROM events_eventseries;
SELECT setval(pg_get_serial_sequence('events_event', 'id'), COALESCE(MAX(id), 1)) FROM events_event;
SELECT setval(pg_get_serial_sequence('needs_eventneed', 'id'), COALESCE(MAX(id), 1)) FROM needs_eventneed;
SELECT setval(pg_get_serial_sequence('tickets_ticket', 'id'), COALESCE(MAX(id), 1)) FROM tickets_ticket;
SELECT setval(pg_get_serial_sequence('events_eventhighlight', 'id'), COALESCE(MAX(id), 1)) FROM events_eventhighlight;
SELECT setval(pg_get_serial_sequence('events_eventreview', 'id'), COALESCE(MAX(id), 1)) FROM events_eventreview;
SELECT setval(pg_get_serial_sequence('vendors_vendorreview', 'id'), COALESCE(MAX(id), 1)) FROM vendors_vendorreview;
SELECT setval(pg_get_serial_sequence('requests_eventrequest', 'id'), COALESCE(MAX(id), 1)) FROM requests_eventrequest;
